DATA_start,BOVESPA_start,CDI_ajustado_start,DATA_end,BOVESPA_end,CDI_ajustado_end,BOVESPA_diff,BOVESPA_pct,CDI_ajustado_diff,CDI_ajustado_pct,winner
1989-12-29,61615.0000,1.0000,2016-01-28,38630.0000,20921096.5795,-22985.0000,-0.3730,20921095.5795,20921095.5795,CDI_ajustado_pct
1990-01-02,63736.0000,1.0266,2016-02-01,40570.0000,20943053.1703,-23166.0000,-0.3635,20943052.1438,20401234.9226,CDI_ajustado_pct
1990-01-03,67341.0000,1.0538,2016-02-02,38596.0000,20954040.1054,-28745.0000,-0.4269,20954039.0517,19885125.3376,CDI_ajustado_pct
1990-01-04,71622.0000,1.0772,2016-02-03,39588.0000,20965032.8044,-32034.0000,-0.4473,20965031.7272,19462394.6068,CDI_ajustado_pct
1990-01-05,75638.0000,1.1014,2016-02-04,40821.0000,20976031.2703,-34817.0000,-0.4603,20976030.1689,19045493.7467,CDI_ajustado_pct
1990-01-08,82315.0000,1.1262,2016-02-05,40592.0000,20987035.5060,-41723.0000,-0.5069,20987034.3798,18635199.3799,CDI_ajustado_pct
1990-01-11,88891.0000,1.2042,2016-02-10,40376.0000,20998045.5147,-48515.0000,-0.5458,20998044.3106,17438006.5056,CDI_ajustado_pct
1990-01-12,8779.0000,1.2324,2016-02-11,39318.0000,21009061.2994,30539.0000,3.4786,21009060.0670,17047684.7621,CDI_ajustado_pct
1990-01-15,8699.0000,1.2613,2016-02-12,39808.0000,21020082.8630,31109.0000,3.5762,21020081.6017,16665421.1948,CDI_ajustado_pct
1990-01-16,8810.0000,1.2878,2016-02-15,40092.0000,21031110.2087,31282.0000,3.5507,21031108.9210,16331573.0208,CDI_ajustado_pct
1990-01-17,8926.0000,1.3151,2016-02-16,40947.0000,21042143.3394,32021.0000,3.5874,21042142.0244,16000982.1293,CDI_ajustado_pct
1990-01-18,9643.0000,1.3433,2016-02-17,41630.0000,21053182.2583,31987.0000,3.3171,21053180.9150,15673224.8927,CDI_ajustado_pct
1990-01-19,10194.0000,1.3730,2016-02-18,41477.0000,21064226.9682,31283.0000,3.0688,21064225.5952,15342268.0116,CDI_ajustado_pct
1990-01-22,10637.0000,1.4049,2016-02-19,41543.0000,21075277.4723,30906.0000,2.9055,21075276.0674,15000826.5393,CDI_ajustado_pct
1990-01-23,10591.0000,1.4381,2016-02-22,43234.0000,21086333.7736,32643.0000,3.0821,21086332.3355,14662378.9206,CDI_ajustado_pct
1990-01-24,10368.0000,1.4733,2016-02-23,42520.0000,21097395.8752,32152.0000,3.1011,21097394.4019,14319979.2256,CDI_ajustado_pct
1990-01-25,10368.0000,1.5105,2016-02-24,42084.0000,21108463.7800,31716.0000,3.0590,21108462.2696,13974866.8641,CDI_ajustado_pct
1990-01-26,10489.0000,1.5498,2016-02-25,41887.0000,21119537.4912,31398.0000,2.9934,21119535.9415,13627618.8616,CDI_ajustado_pct
1990-01-29,10045.0000,1.5910,2016-02-26,41593.0000,21130617.0118,31548.0000,3.1407,21130615.4208,13281534.5847,CDI_ajustado_pct
1990-01-30,10185.0000,1.6347,2016-02-29,42793.0000,21141702.3448,32608.0000,3.2016,21141700.7100,12932719.4504,CDI_ajustado_pct
1990-01-31,10049.0000,1.6823,2016-03-01,44121.0000,21152793.4932,34072.0000,3.3906,21152791.8109,12573601.8071,CDI_ajustado_pct
1990-02-01,10403.0000,1.7319,2016-03-02,44893.0000,21163890.4602,34490.0000,3.3154,21163888.7283,12219736.2043,CDI_ajustado_pct
1990-02-02,11155.0000,1.7851,2016-03-03,47193.0000,21174993.2488,36038.0000,3.2307,21174991.4637,11862098.9531,CDI_ajustado_pct
1990-02-05,11644.0000,1.8419,2016-03-04,49084.0000,21186101.8620,37440.0000,3.2154,21186100.0201,11502284.0229,CDI_ajustado_pct
1990-02-06,11946.0000,1.9027,2016-03-07,49246.0000,21197216.3029,37300.0000,3.1224,21197214.4003,11140870.6755,CDI_ajustado_pct
1990-02-07,12771.0000,1.9659,2016-03-08,49102.0000,21208336.5746,36331.0000,2.8448,21208334.6087,10788341.5446,CDI_ajustado_pct
1990-02-08,13682.0000,2.0311,2016-03-09,48665.0000,21219462.6800,34983.0000,2.5569,21219460.6489,10447425.2968,CDI_ajustado_pct
1990-02-09,14535.0000,2.0987,2016-03-10,49571.0000,21230594.6223,35036.0000,2.4105,21230592.5236,10115854.2213,CDI_ajustado_pct
1990-02-12,15608.0000,2.1698,2016-03-11,49638.0000,21241732.4046,34030.0000,2.1803,21241730.2348,9789911.2921,CDI_ajustado_pct
1990-02-13,15069.0000,2.2451,2016-03-14,48867.0000,21252876.0298,33798.0000,2.2429,21252873.7847,9466300.8784,CDI_ajustado_pct
1990-02-14,15250.0000,2.3234,2016-03-15,47130.0000,21264025.5011,31880.0000,2.0905,21264023.1777,9152129.6371,CDI_ajustado_pct
1990-02-15,16792.0000,2.4050,2016-03-16,47763.0000,21275180.8215,30971.0000,1.8444,21275178.4165,8846200.7573,CDI_ajustado_pct
1990-02-16,17393.0000,2.4896,2016-03-17,50913.0000,21286341.9941,33520.0000,1.9272,21286339.5045,8550050.7429,CDI_ajustado_pct
1990-02-19,17930.0000,2.5778,2016-03-18,50814.0000,21297509.0220,32884.0000,1.8340,21297506.4442,8261779.9766,CDI_ajustado_pct
1990-02-20,17645.0000,2.6692,2016-03-21,51171.0000,21308681.9082,33526.0000,1.9000,21308679.2390,7983095.6894,CDI_ajustado_pct
1990-02-21,17722.0000,2.7608,2016-03-22,51010.0000,21319860.6558,33288.0000,1.8783,21319857.8950,7722253.7563,CDI_ajustado_pct
1990-02-22,16946.0000,2.8529,2016-03-23,49690.0000,21331045.2679,32744.0000,1.9323,21331042.4150,7476976.8040,CDI_ajustado_pct
1990-02-23,16597.0000,2.9387,2016-03-24,49657.0000,21342235.7476,33060.0000,1.9919,21342232.8089,7262413.6243,CDI_ajustado_pct
1990-02-28,16597.0000,3.0271,2016-03-29,51154.0000,21364634.3219,34557.0000,2.0821,21364631.2948,7057708.2629,CDI_ajustado_pct
1990-03-01,17208.0000,3.1127,2016-03-30,51248.0000,21375842.4227,34040.0000,1.9781,21375839.3100,6867358.3245,CDI_ajustado_pct
1990-03-02,18100.0000,3.2017,2016-03-31,50055.0000,21387056.4034,31955.0000,1.7655,21387053.2017,6680001.9694,CDI_ajustado_pct
1990-03-05,20055.0000,3.2934,2016-04-01,50561.0000,21398276.2671,30506.0000,1.5211,21398272.9737,6497390.4081,CDI_ajustado_pct
1990-03-06,21904.0000,3.3867,2016-04-04,48779.0000,21409502.0168,26875.0000,1.2269,21409498.6301,6321711.8954,CDI_ajustado_pct
1990-03-07,20455.0000,3.4815,2016-04-05,49053.0000,21420733.6556,28598.0000,1.3981,21420730.1741,6152663.1654,CDI_ajustado_pct
1990-03-08,20325.0000,3.5778,2016-04-06,48096.0000,21431971.1867,27771.0000,1.3663,21431967.6089,5990232.6794,CDI_ajustado_pct
1990-03-09,18841.0000,3.6737,2016-04-07,48513.0000,21443214.6131,29672.0000,1.5749,21443210.9394,5836987.6962,CDI_ajustado_pct
1990-03-12,18657.0000,3.7673,2016-04-08,50292.0000,21454463.9379,31635.0000,1.6956,21454460.1706,5694902.5785,CDI_ajustado_pct
1990-03-13,18653.0000,3.8664,2016-04-11,50165.0000,21465719.1643,31512.0000,1.6894,21465715.2979,5551925.4280,CDI_ajustado_pct
1990-03-19,16384.0000,3.8905,2016-04-15,53227.0000,21510799.1466,36843.0000,2.2487,21510795.2561,5529010.2516,CDI_ajustado_pct
1990-03-20,12952.0000,3.9148,2016-04-18,52894.0000,21522083.9269,39942.0000,3.0838,21522080.0121,5497587.5666,CDI_ajustado_pct
1990-03-21,10067.0000,3.9392,2016-04-19,53710.0000,21533374.6274,43643.0000,4.3353,21533370.6882,5466452.1148,CDI_ajustado_pct
1990-03-22,9333.0000,3.9636,2016-04-20,53630.0000,21544671.2510,44297.0000,4.7463,21544667.2874,5435619.0266,CDI_ajustado_pct
1990-03-26,8809.0000,4.0138,2016-04-22,52907.0000,21555973.8010,44098.0000,5.0060,21555969.7872,5370481.2892,CDI_ajustado_pct
1990-03-27,8206.0000,4.0396,2016-04-25,51861.0000,21567282.2804,43655.0000,5.3199,21567278.2409,5338986.7852,CDI_ajustado_pct
1990-03-28,7390.0000,4.0676,2016-04-26,53082.0000,21578596.6924,45692.0000,6.1829,21578592.6248,5305006.3053,CDI_ajustado_pct
1990-03-29,6856.0000,4.0980,2016-04-27,54477.0000,21589917.0400,47621.0000,6.9459,21589912.9421,5268451.5685,CDI_ajustado_pct
1990-03-30,7275.0000,4.1286,2016-04-28,54311.0000,21601243.3264,47036.0000,6.4654,21601239.1977,5232044.8507,CDI_ajustado_pct
1990-04-02,7664.0000,4.1469,2016-04-29,53910.0000,21612575.5547,46246.0000,6.0342,21612571.4077,5211701.7909,CDI_ajustado_pct
1990-04-03,9464.0000,4.1647,2016-05-02,53561.0000,21623913.7279,44097.0000,4.6594,21623909.5632,5192230.4418,CDI_ajustado_pct
1990-04-04,9833.0000,4.1806,2016-05-03,52260.0000,21635257.8493,42427.0000,4.3148,21635253.6687,5175133.5730,CDI_ajustado_pct
1990-04-05,11315.0000,4.1949,2016-05-04,52552.0000,21646607.9219,41237.0000,3.6445,21646603.7270,5160234.9123,CDI_ajustado_pct
1990-04-06,10435.0000,4.2083,2016-05-05,51671.0000,21657963.9489,41236.0000,3.9517,21657959.7406,5146490.3890,CDI_ajustado_pct
1990-04-09,9281.0000,4.2226,2016-05-06,51717.0000,21669325.9334,42436.0000,4.5724,21669321.7108,5131759.3933,CDI_ajustado_pct
1990-04-10,10082.0000,4.2381,2016-05-09,50990.0000,21680693.8784,40908.0000,4.0575,21680689.6404,5115711.0248,CDI_ajustado_pct
1990-04-11,10615.0000,4.2553,2016-05-10,53070.0000,21692067.7873,42455.0000,3.9995,21692063.5320,5097698.1200,CDI_ajustado_pct
1990-04-16,11404.0000,4.2671,2016-05-13,51804.0000,21726225.3274,40400.0000,3.5426,21726221.0603,5091574.8865,CDI_ajustado_pct
1990-04-17,13722.0000,4.2768,2016-05-16,51802.0000,21737623.1225,38080.0000,2.7751,21737618.8457,5082691.3411,CDI_ajustado_pct
1990-04-18,13902.0000,4.2848,2016-05-17,50839.0000,21749026.8970,36937.0000,2.6570,21749022.6122,5075865.9013,CDI_ajustado_pct
1990-04-19,14669.0000,4.2914,2016-05-18,50561.0000,21760436.6540,35892.0000,2.4468,21760432.3625,5070652.3538,CDI_ajustado_pct
1990-04-20,14698.0000,4.2980,2016-05-19,50132.0000,21771852.3966,35434.0000,2.4108,21771848.0986,5065545.3152,CDI_ajustado_pct
1990-04-23,14811.0000,4.3043,2016-05-20,49722.0000,21783274.1281,34911.0000,2.3571,21783269.8238,5060780.2554,CDI_ajustado_pct
1990-04-24,15272.0000,4.3109,2016-05-23,49330.0000,21794701.8516,34058.0000,2.2301,21794697.5407,5055750.4496,CDI_ajustado_pct
1990-04-25,15777.0000,4.3172,2016-05-24,49345.0000,21806135.5701,33568.0000,2.1277,21806131.2529,5050944.1682,CDI_ajustado_pct
1990-04-26,16915.0000,4.3237,2016-05-25,49482.0000,21817575.2869,32567.0000,1.9253,21817570.9632,5046092.0693,CDI_ajustado_pct
1990-04-30,15587.0000,4.3401,2016-05-27,49051.0000,21829021.0051,33464.0000,2.1469,21829016.6649,5029575.6777,CDI_ajustado_pct
1990-05-02,15364.0000,4.3519,2016-05-31,48471.0000,21851930.4582,33107.0000,2.1548,21851926.1063,5021246.6133,CDI_ajustado_pct
1990-05-03,16779.0000,4.3631,2016-06-01,49012.0000,21863394.1994,32233.0000,1.9210,21863389.8362,5010919.2131,CDI_ajustado_pct
1990-05-04,15926.0000,4.3737,2016-06-02,49887.0000,21874863.9546,33961.0000,2.1324,21874859.5809,5001411.2149,CDI_ajustado_pct
1990-05-07,15186.0000,4.3843,2016-06-03,50619.0000,21886339.7270,35433.0000,2.3333,21886335.3427,4991954.4736,CDI_ajustado_pct
1990-05-08,14636.0000,4.3946,2016-06-06,50431.0000,21897821.5197,35795.0000,2.4457,21897817.1251,4982880.1257,CDI_ajustado_pct
1990-05-09,14644.0000,4.4050,2016-06-07,50487.0000,21909309.3358,35843.0000,2.4476,21909304.9308,4973739.6045,CDI_ajustado_pct
1990-05-10,14934.0000,4.4155,2016-06-08,51629.0000,21920803.1786,36695.0000,2.4571,21920798.7631,4964516.7944,CDI_ajustado_pct
1990-05-11,14177.0000,4.4264,2016-06-09,51118.0000,21932303.0512,36941.0000,2.6057,21932298.6248,4954899.1266,CDI_ajustado_pct
1990-05-14,13831.0000,4.4382,2016-06-10,49422.0000,21943808.9567,35591.0000,2.5733,21943804.5185,4944313.6612,CDI_ajustado_pct
1990-05-15,12376.0000,4.4497,2016-06-13,49660.0000,21955320.8983,37284.0000,3.0126,21955316.4486,4934144.4920,CDI_ajustado_pct
1990-05-16,13000.0000,4.4610,2016-06-14,48648.0000,21966838.8792,35648.0000,2.7422,21966834.4182,4924192.6977,CDI_ajustado_pct
1990-05-17,13100.0000,4.4727,2016-06-15,48914.0000,21978362.9025,35814.0000,2.7339,21978358.4299,4913934.2445,CDI_ajustado_pct
1990-05-18,13064.0000,4.4846,2016-06-16,49411.0000,21989892.9715,36347.0000,2.7822,21989888.4869,4903452.6290,CDI_ajustado_pct
1990-05-23,14782.0000,4.5203,2016-06-21,50837.0000,22024519.4838,36055.0000,2.4391,22024514.9635,4872303.6506,CDI_ajustado_pct
1990-05-24,15011.0000,4.5323,2016-06-22,50156.0000,22036073.7670,35145.0000,2.3413,22036069.2346,4861959.3252,CDI_ajustado_pct
1990-05-25,14916.0000,4.5449,2016-06-23,51559.0000,22047634.1116,36643.0000,2.4566,22047629.5667,4851056.3753,CDI_ajustado_pct
1990-05-28,14549.0000,4.5576,2016-06-24,50105.0000,22059200.5210,35556.0000,2.4439,22059195.9634,4840113.4866,CDI_ajustado_pct
1990-05-29,14569.0000,4.5706,2016-06-27,49245.0000,22070772.9981,34676.0000,2.3801,22070768.4276,4828890.3188,CDI_ajustado_pct
1990-05-30,14874.0000,4.5837,2016-06-28,50006.0000,22082351.5464,35132.0000,2.3620,22082346.9627,4817629.1386,CDI_ajustado_pct
1990-05-31,14643.0000,4.5978,2016-06-29,51001.0000,22093936.1688,36358.0000,2.4830,22093931.5710,4805276.1579,CDI_ajustado_pct
1990-06-01,14831.0000,4.6146,2016-06-30,51526.0000,22105526.8687,36695.0000,2.4742,22105522.2540,4790296.5168,CDI_ajustado_pct
1990-06-04,14240.0000,4.6311,2016-07-01,52233.0000,22117123.6491,37993.0000,2.6680,22117119.0180,4775807.6758,CDI_ajustado_pct
1990-06-05,14299.0000,4.6473,2016-07-04,52568.0000,22128726.5134,38269.0000,2.6763,22128721.8661,4761631.5427,CDI_ajustado_pct
1990-06-06,14959.0000,4.6639,2016-07-05,51842.0000,22140335.4646,36883.0000,2.4656,22140330.8007,4747182.0991,CDI_ajustado_pct
1990-06-07,15300.0000,4.6818,2016-07-06,51901.0000,22151950.5060,36601.0000,2.3922,22151945.8242,4731519.2371,CDI_ajustado_pct
1990-06-08,15188.0000,4.7004,2016-07-07,52014.0000,22163571.6407,36826.0000,2.4247,22163566.9403,4715203.4757,CDI_ajustado_pct
1990-06-11,14614.0000,4.7208,2016-07-08,53140.0000,22175198.8720,38526.0000,2.6362,22175194.1512,4697353.2175,CDI_ajustado_pct
1990-06-12,14400.0000,4.7419,2016-07-11,53960.0000,22186832.2031,39560.0000,2.7472,22186827.4612,4678902.7965,CDI_ajustado_pct
1990-06-13,14045.0000,4.7622,2016-07-12,54256.0000,22198471.6372,40211.0000,2.8630,22198466.8749,4661360.1569,CDI_ajustado_pct
1990-06-15,14065.0000,4.7820,2016-07-14,55480.0000,22221768.8269,41415.0000,2.9445,22221764.0449,4646967.3146,CDI_ajustado_pct
1990-06-18,13773.0000,4.8043,2016-07-15,55578.0000,22233426.5891,41805.0000,3.0353,22233421.7848,4627824.0851,CDI_ajustado_pct
1990-06-19,14415.0000,4.8252,2016-07-18,56484.0000,22245090.4670,42069.0000,2.9184,22245085.6418,4610182.2394,CDI_ajustado_pct
1990-06-20,14930.0000,4.8463,2016-07-19,56698.0000,22256760.4639,41768.0000,2.7976,22256755.6177,4592561.9201,CDI_ajustado_pct
1990-06-21,15789.0000,4.8669,2016-07-20,56578.0000,22268436.5830,40789.0000,2.5834,22268431.7161,4575479.6768,CDI_ajustado_pct
1990-06-22,15996.0000,4.8910,2016-07-21,56641.0000,22280118.8275,40645.0000,2.5409,22280113.9366,4555361.3604,CDI_ajustado_pct
1990-06-25,16639.0000,4.9173,2016-07-22,57002.0000,22291807.2007,40363.0000,2.4258,22291802.2833,4533301.5523,CDI_ajustado_pct
1990-06-26,17454.0000,4.9422,2016-07-25,56872.0000,22303501.7056,39418.0000,2.2584,22303496.7635,4512889.6703,CDI_ajustado_pct
1990-06-27,17414.0000,4.9688,2016-07-26,56782.0000,22315202.3457,39368.0000,2.2607,22315197.3769,4491080.2057,CDI_ajustado_pct
1990-06-28,17265.0000,4.9968,2016-07-27,56852.0000,22326909.1240,39587.0000,2.2929,22326904.1272,4468265.0546,CDI_ajustado_pct
1990-06-29,17618.0000,5.0292,2016-07-28,56667.0000,22338622.0438,39049.0000,2.2164,22338617.0145,4441752.5446,CDI_ajustado_pct
1990-07-02,18557.0000,5.0582,2016-07-29,57308.0000,22350341.1083,38751.0000,2.0882,22350336.0501,4418675.3440,CDI_ajustado_pct
1990-07-03,19959.0000,5.0884,2016-08-01,56755.0000,22362066.3207,36796.0000,1.8436,22362061.2324,4394756.7222,CDI_ajustado_pct
1990-07-04,19895.0000,5.1207,2016-08-02,56162.0000,22373797.6843,36267.0000,1.8229,22373792.5637,4369317.0862,CDI_ajustado_pct
1990-07-05,20699.0000,5.1538,2016-08-03,57076.0000,22385535.2024,36377.0000,1.7574,22385530.0486,4343506.7788,CDI_ajustado_pct
1990-07-06,20297.0000,5.1879,2016-08-04,57593.0000,22397278.8780,37296.0000,1.8375,22397273.6901,4317234.1259,CDI_ajustado_pct
1990-07-09,20357.0000,5.2216,2016-08-05,57661.0000,22409028.7144,37304.0000,1.8325,22409023.4928,4291589.3622,CDI_ajustado_pct
1990-07-10,21370.0000,5.2538,2016-08-08,57635.0000,22420784.7150,36265.0000,1.6970,22420779.4612,4267524.3529,CDI_ajustado_pct
1990-07-11,22241.0000,5.2882,2016-08-09,57689.0000,22432546.8829,35448.0000,1.5938,22432541.5947,4241992.2097,CDI_ajustado_pct
1990-07-12,23364.0000,5.3202,2016-08-10,56919.0000,22444315.2213,33555.0000,1.4362,22444309.9011,4218666.5247,CDI_ajustado_pct
1990-07-13,22907.0000,5.3560,2016-08-11,58299.0000,22456089.7335,35392.0000,1.5450,22456084.3775,4192718.5661,CDI_ajustado_pct
1990-07-16,23735.0000,5.3911,2016-08-12,58298.0000,22467870.4227,34563.0000,1.4562,22467865.0316,4167551.1690,CDI_ajustado_pct
1990-07-17,24523.0000,5.4257,2016-08-15,59145.0000,22479657.2922,34622.0000,1.4118,22479651.8665,4143152.2613,CDI_ajustado_pct
1990-07-18,25348.0000,5.4605,2016-08-16,58855.0000,22491450.3452,33507.0000,1.3219,22491444.8847,4118937.1236,CDI_ajustado_pct
1990-07-19,26017.0000,5.4933,2016-08-17,59323.0000,22503249.5850,33306.0000,1.2802,22503244.0917,4096464.5605,CDI_ajustado_pct
1990-07-20,27358.0000,5.5271,2016-08-18,59166.0000,22515055.0148,31808.0000,1.1627,22515049.4877,4073601.6868,CDI_ajustado_pct
1990-07-23,26797.0000,5.5608,2016-08-19,59098.0000,22526866.6378,32301.0000,1.2054,22526861.0770,4051027.4658,CDI_ajustado_pct
1990-07-24,28022.0000,5.5927,2016-08-22,57781.0000,22538684.4573,29759.0000,1.0620,22538678.8646,4029993.6267,CDI_ajustado_pct
1990-07-25,27862.0000,5.6241,2016-08-23,58020.0000,22550508.4765,30158.0000,1.0824,22550502.8524,4009587.2680,CDI_ajustado_pct
1990-07-26,27168.0000,5.6554,2016-08-24,57717.0000,22562338.6988,30549.0000,1.1244,22562333.0434,3989509.0621,CDI_ajustado_pct
1990-07-27,27011.0000,5.6888,2016-08-25,57722.0000,22574175.1273,30711.0000,1.1370,22574169.4385,3968176.5375,CDI_ajustado_pct
1990-07-30,27157.0000,5.7207,2016-08-26,57716.0000,22586017.7653,30559.0000,1.1253,22586012.0447,3948148.6451,CDI_ajustado_pct
1990-07-31,29822.0000,5.7506,2016-08-29,58610.0000,22597866.6161,28788.0000,0.9653,22597860.8655,3929680.7343,CDI_ajustado_pct
1990-08-01,30261.0000,5.7790,2016-08-30,58575.0000,22609721.6829,28314.0000,0.9357,22609715.9039,3912388.9825,CDI_ajustado_pct
1990-08-02,32088.0000,5.8091,2016-08-31,57901.0000,22621582.9690,25813.0000,0.8044,22621577.1599,3894178.7590,CDI_ajustado_pct
1990-08-03,30315.0000,5.8405,2016-09-01,58236.0000,22633450.4776,27921.0000,0.9210,22633444.6371,3875256.5413,CDI_ajustado_pct
1990-08-06,29926.0000,5.8709,2016-09-02,59616.0000,22645324.2121,29690.0000,0.9921,22645318.3412,3857206.3345,CDI_ajustado_pct
1990-08-07,29039.0000,5.9016,2016-09-05,59566.0000,22657204.1756,30527.0000,1.0512,22657198.2740,3839151.0986,CDI_ajustado_pct
1990-08-08,31158.0000,5.9307,2016-09-06,60129.0000,22669090.3715,28971.0000,0.9298,22669084.4408,3822321.1081,CDI_ajustado_pct
1990-08-10,28258.0000,5.9937,2016-09-08,60231.0000,22680982.8030,31973.0000,1.1315,22680976.8093,3784133.5885,CDI_ajustado_pct
1990-08-13,28391.0000,6.0232,2016-09-09,57999.0000,22692881.4734,29608.0000,1.0429,22692875.4502,3767569.7891,CDI_ajustado_pct
1990-08-14,29562.0000,6.0552,2016-09-12,58586.0000,22704786.3859,29024.0000,0.9818,22704780.3307,3749623.3031,CDI_ajustado_pct
1990-08-15,29445.0000,6.0856,2016-09-13,56820.0000,22716697.5439,27375.0000,0.9297,22716691.4583,3732839.1058,CDI_ajustado_pct
1990-08-16,28905.0000,6.1180,2016-09-14,57059.0000,22728614.9506,28154.0000,0.9740,22728608.8326,3715033.4080,CDI_ajustado_pct
1990-08-17,28258.0000,6.1543,2016-09-15,57909.0000,22740538.6093,29651.0000,1.0493,22740532.4550,3695070.5778,CDI_ajustado_pct
1990-08-20,27054.0000,6.1893,2016-09-16,57079.0000,22752468.5233,30025.0000,1.1098,22752462.3340,3676092.0796,CDI_ajustado_pct
1990-08-21,26678.0000,6.2292,2016-09-19,57350.0000,22764404.6958,30672.0000,1.1497,22764398.4666,3654461.4812,CDI_ajustado_pct
1990-08-22,24616.0000,6.2598,2016-09-20,57736.0000,22776347.1301,33120.0000,1.3455,22776340.8703,3638513.5423,CDI_ajustado_pct
1990-08-23,25297.0000,6.2875,2016-09-21,58393.0000,22788295.8296,33096.0000,1.3083,22788289.5421,3624366.3959,CDI_ajustado_pct
1990-08-24,25079.0000,6.3146,2016-09-22,58994.0000,22800250.7975,33915.0000,1.3523,22800244.4829,3610729.6099,CDI_ajustado_pct
1990-08-27,27842.0000,6.3464,2016-09-23,58697.0000,22812212.0371,30855.0000,1.1082,22812205.6907,3594531.3677,CDI_ajustado_pct
1990-08-28,27166.0000,6.3738,2016-09-26,58053.0000,22824179.5516,30887.0000,1.1370,22824173.1778,3580935.5250,CDI_ajustado_pct
1990-08-29,26794.0000,6.4019,2016-09-27,58382.0000,22836153.3444,31588.0000,1.1789,22836146.9426,3567095.1047,CDI_ajustado_pct
1990-08-30,26069.0000,6.4365,2016-09-28,59355.0000,22848133.4189,33286.0000,1.2768,22848126.9824,3549785.7697,CDI_ajustado_pct
1990-08-31,25071.0000,6.4780,2016-09-29,58350.0000,22860119.7781,33279.0000,1.3274,22860113.3001,3528875.0218,CDI_ajustado_pct
1990-09-03,22899.0000,6.5179,2016-09-30,58367.0000,22872112.4256,35468.0000,1.5489,22872105.9077,3509145.0572,CDI_ajustado_pct
1990-09-04,23305.0000,6.5582,2016-10-03,59461.0000,22884111.3645,36156.0000,1.5514,22884104.8062,3489363.5497,CDI_ajustado_pct
1990-09-05,23178.0000,6.5979,2016-10-04,59339.0000,22896116.5981,36161.0000,1.5601,22896110.0002,3470187.9066,CDI_ajustado_pct
1990-09-06,22007.0000,6.6423,2016-10-05,60254.0000,22908128.1299,38247.0000,1.7379,22908121.4876,3448832.2430,CDI_ajustado_pct
1990-09-10,22520.0000,6.6944,2016-10-07,61108.0000,22932170.1007,38588.0000,1.7135,22932163.4063,3425549.7962,CDI_ajustado_pct
1990-09-11,22301.0000,6.7533,2016-10-10,61668.0000,22944200.5465,39367.0000,1.7653,22944193.7932,3397471.7751,CDI_ajustado_pct
1990-09-12,24764.0000,6.8073,2016-10-11,61021.0000,22956237.3035,36257.0000,1.4641,22956230.4963,3372309.3635,CDI_ajustado_pct
1990-09-14,24477.0000,6.9215,2016-10-13,61118.0000,22968280.3752,36641.0000,1.4970,22968273.4537,3318385.7134,CDI_ajustado_pct
1990-09-17,23331.0000,6.9995,2016-10-14,61767.0000,22980329.7647,38436.0000,1.6474,22980322.7652,3283136.5450,CDI_ajustado_pct
1990-09-18,23874.0000,7.0682,2016-10-17,62696.0000,22992385.4755,38822.0000,1.6261,22992378.4074,3252936.7601,CDI_ajustado_pct
1990-09-19,23880.0000,7.1362,2016-10-18,63782.0000,23004447.5109,39902.0000,1.6709,23004440.3747,3223621.3025,CDI_ajustado_pct
1990-09-20,25167.0000,7.2010,2016-10-19,63505.0000,23016515.8741,38338.0000,1.5233,23016508.6731,3196279.5758,CDI_ajustado_pct
1990-09-21,25132.0000,7.2736,2016-10-20,63837.0000,23028390.3248,38705.0000,1.5401,23028383.0512,3166025.5640,CDI_ajustado_pct
1990-09-24,24131.0000,7.3388,2016-10-21,61108.0000,23040270.9017,36977.0000,1.5323,23040263.5629,3139528.7621,CDI_ajustado_pct
1990-09-25,24141.0000,7.3986,2016-10-24,64059.0000,23052157.6078,39918.0000,1.6535,23052150.2093,3115765.3566,CDI_ajustado_pct
1990-09-26,22820.0000,7.4652,2016-10-25,63866.0000,23064050.4464,41046.0000,1.7987,23064042.9813,3089546.2788,CDI_ajustado_pct
1990-09-27,22332.0000,7.5338,2016-10-26,63825.0000,23075949.4207,41493.0000,1.8580,23075941.8869,3062981.2010,CDI_ajustado_pct
1990-09-28,23099.0000,7.6117,2016-10-27,64249.0000,23087854.5338,41150.0000,1.7815,23087846.9221,3033218.1695,CDI_ajustado_pct
1990-10-01,23650.0000,7.6772,2016-10-28,64307.0000,23099765.7888,40657.0000,1.7191,23099758.1116,3008876.6015,CDI_ajustado_pct
1990-10-02,23025.0000,7.7529,2016-10-31,64924.0000,23111683.1890,41899.0000,1.8197,23111675.4361,2981035.8878,CDI_ajustado_pct
1990-10-05,22562.0000,7.9006,2016-11-03,61750.0000,23135536.4374,39188.0000,1.7369,23135528.5368,2928339.7727,CDI_ajustado_pct
1990-10-09,21289.0000,7.9828,2016-11-07,64051.0000,23159414.3044,42762.0000,2.0086,23159406.3217,2901180.1280,CDI_ajustado_pct
1990-10-10,20666.0000,8.0653,2016-11-08,64157.0000,23171362.4779,43491.0000,2.1045,23171354.4126,2872960.8835,CDI_ajustado_pct
1990-10-11,21145.0000,8.1354,2016-11-09,63258.0000,23183316.8155,42113.0000,1.9916,23183308.6801,2849688.7587,CDI_ajustado_pct
1990-10-12,20582.0000,8.2094,2016-11-10,61200.0000,23195277.3205,40618.0000,1.9735,23195269.1111,2825466.0380,CDI_ajustado_pct
1990-10-15,20604.0000,8.2938,2016-11-11,59183.0000,23207243.9960,38579.0000,1.8724,23207235.7022,2798158.6436,CDI_ajustado_pct
1990-10-16,21020.0000,8.3854,2016-11-14,59657.0000,23219216.8452,38637.0000,1.8381,23219208.4599,2769013.8489,CDI_ajustado_pct
1990-10-18,19610.0000,8.5637,2016-11-16,60759.0000,23231195.8714,41149.0000,2.0984,23231187.3077,2712746.5559,CDI_ajustado_pct
1990-10-19,19392.0000,8.6587,2016-11-17,59770.0000,23243181.0777,40378.0000,2.0822,23243172.4189,2684358.6365,CDI_ajustado_pct
1990-10-22,19141.0000,8.7528,2016-11-18,59961.0000,23255172.4672,40820.0000,2.1326,23255163.7144,2656889.6915,CDI_ajustado_pct
1990-10-23,18483.0000,8.8450,2016-11-21,61070.0000,23267170.0432,42587.0000,2.3041,23267161.1982,2630543.2315,CDI_ajustado_pct
1990-10-24,18575.0000,8.9242,2016-11-22,61954.0000,23279173.8089,43379.0000,2.3353,23279164.8847,2608536.5456,CDI_ajustado_pct
1990-10-25,19473.0000,8.9918,2016-11-23,61985.0000,23291183.7675,42512.0000,2.1831,23291174.7757,2590273.9350,CDI_ajustado_pct
1990-10-26,19159.0000,9.0638,2016-11-24,61395.0000,23303199.9221,42236.0000,2.2045,23303190.8583,2571016.4341,CDI_ajustado_pct
1990-10-29,18095.0000,9.1422,2016-11-25,61559.0000,23315222.2760,43464.0000,2.4020,23315213.1338,2550291.3117,CDI_ajustado_pct
1990-10-30,18060.0000,9.2124,2016-11-28,62855.0000,23327250.8323,44795.0000,2.4803,23327241.6199,2532151.6684,CDI_ajustado_pct
1990-10-31,17848.0000,9.2838,2016-11-29,60986.0000,23339285.5943,43138.0000,2.4170,23339276.3105,2513982.2034,CDI_ajustado_pct
1990-11-01,18964.0000,9.3654,2016-11-30,61906.0000,23351326.5651,42942.0000,2.2644,23351317.1997,2493354.2966,CDI_ajustado_pct
1990-11-05,17795.0000,9.4649,2016-12-02,60316.0000,23375019.2234,42521.0000,2.3895,23375009.7586,2469664.4744,CDI_ajustado_pct
1990-11-06,18384.0000,9.5636,2016-12-05,59831.0000,23386874.5657,41447.0000,2.2545,23386865.0021,2445395.2457,CDI_ajustado_pct
1990-11-07,20442.0000,9.6488,2016-12-06,61088.0000,23398735.9207,40646.0000,1.9884,23398726.2719,2425044.5213,CDI_ajustado_pct
1990-11-08,21696.0000,9.7407,2016-12-07,61414.0000,23410603.2916,39718.0000,1.8307,23410593.5509,2403370.3271,CDI_ajustado_pct
1990-11-09,21995.0000,9.8337,2016-12-08,60676.0000,23422476.6814,38681.0000,1.7586,23422466.8477,2381850.5185,CDI_ajustado_pct
1990-11-12,22699.0000,9.9398,2016-12-09,60500.0000,23434356.0931,37801.0000,1.6653,23434346.1533,2357619.8174,CDI_ajustado_pct
1990-11-13,23555.0000,10.0366,2016-12-12,59178.0000,23446241.5298,35623.0000,1.5123,23446231.4932,2336062.2990,CDI_ajustado_pct
1990-11-14,23612.0000,10.1483,2016-12-13,59280.0000,23458132.9946,35668.0000,1.5106,23458122.8464,2311542.7372,CDI_ajustado_pct
1990-11-16,23935.0000,10.2821,2016-12-15,58396.0000,23481934.0206,34461.0000,1.4398,23481923.7384,2283757.6873,CDI_ajustado_pct
1990-11-19,23996.0000,10.4235,2016-12-16,58389.0000,23493843.5879,34393.0000,1.4333,23493833.1643,2253924.4886,CDI_ajustado_pct
1990-11-21,26485.0000,10.6414,2016-12-20,57582.0000,23517680.8464,31097.0000,1.1741,23517670.2050,2210012.3832,CDI_ajustado_pct
1990-11-22,26636.0000,10.7418,2016-12-21,57646.0000,23529608.5438,31010.0000,1.1642,23529597.8020,2190469.8236,CDI_ajustado_pct
1990-11-23,26110.0000,10.8479,2016-12-22,57255.0000,23541542.2906,31145.0000,1.1928,23541531.4427,2170146.9515,CDI_ajustado_pct
1990-11-26,24756.0000,10.9553,2016-12-23,57937.0000,23553482.0901,33181.0000,1.3403,23553471.1348,2149970.0531,CDI_ajustado_pct
1990-11-27,26301.0000,11.0580,2016-12-26,58620.0000,23565427.9451,32319.0000,1.2288,23565416.8871,2131078.0504,CDI_ajustado_pct
1990-11-28,25735.0000,11.1754,2016-12-27,58696.0000,23577379.8589,32961.0000,1.2808,23577368.6835,2109760.2521,CDI_ajustado_pct
1990-11-29,26479.0000,11.2900,2016-12-28,59781.0000,23589337.8344,33302.0000,1.2577,23589326.5444,2089406.8922,CDI_ajustado_pct
1990-11-30,26510.0000,11.4240,2016-12-29,60227.0000,23601301.8747,33717.0000,1.2719,23601290.4507,2065937.0340,CDI_ajustado_pct
1990-12-04,26401.0000,11.6427,2017-01-02,59588.0000,23625248.1623,33187.0000,1.2570,23625236.5196,2029192.9296,CDI_ajustado_pct
1990-12-05,25994.0000,11.7678,2017-01-03,61813.0000,23637230.4157,35819.0000,1.3780,23637218.6478,2008629.3203,CDI_ajustado_pct
1990-12-06,25824.0000,11.8875,2017-01-04,61589.0000,23649218.7462,35765.0000,1.3850,23649206.8587,1989422.2477,CDI_ajustado_pct
1990-12-07,24978.0000,12.0236,2017-01-05,62070.0000,23661213.1569,37092.0000,1.4850,23661201.1334,1967898.7908,CDI_ajustado_pct
1990-12-10,25193.0000,12.1627,2017-01-06,61665.0000,23673213.6510,36472.0000,1.4477,23673201.4883,1946377.2736,CDI_ajustado_pct
1990-12-11,24814.0000,12.3040,2017-01-09,61700.0000,23685220.2315,36886.0000,1.4865,23685207.9275,1925002.3095,CDI_ajustado_pct
1990-12-12,23485.0000,12.4423,2017-01-10,62131.0000,23697232.9015,38646.0000,1.6456,23697220.4592,1904564.9690,CDI_ajustado_pct
1990-12-13,24366.0000,12.5732,2017-01-11,62446.0000,23709251.6641,38080.0000,1.5628,23709239.0909,1885693.4215,CDI_ajustado_pct
1990-12-14,24351.0000,12.6997,2017-01-12,63953.0000,23720653.2061,39602.0000,1.6263,23720640.5064,1867810.0539,CDI_ajustado_pct
1990-12-17,23800.0000,12.8423,2017-01-13,63651.0000,23732060.2311,39851.0000,1.6744,23732047.3888,1847961.7970,CDI_ajustado_pct
1990-12-18,23246.0000,12.9871,2017-01-16,63831.0000,23743472.7415,40585.0000,1.7459,23743459.7544,1828234.0604,CDI_ajustado_pct
1990-12-19,23572.0000,13.1351,2017-01-17,64354.0000,23754890.7401,40782.0000,1.7301,23754877.6051,1808508.2971,CDI_ajustado_pct
1990-12-20,25189.0000,13.4658,2017-01-18,64149.0000,23766314.2295,38960.0000,1.5467,23766300.7638,1764942.5889,CDI_ajustado_pct
1990-12-21,24972.0000,13.8000,2017-01-19,63950.0000,23777743.2124,38978.0000,1.5609,23777729.4124,1723025.8072,CDI_ajustado_pct
1990-12-26,24152.0000,14.0337,2017-01-24,65840.0000,23812063.1480,41688.0000,1.7261,23812049.1143,1696780.5991,CDI_ajustado_pct
1990-12-28,25156.0000,14.5973,2017-01-26,66190.0000,23834970.6208,41034.0000,1.6312,23834956.0234,1632828.3489,CDI_ajustado_pct
1991-01-02,25321.0000,14.7335,2017-01-31,64670.0000,23869373.1564,39349.0000,1.5540,23869358.4228,1620069.8547,CDI_ajustado_pct
1991-01-03,28221.0000,14.8738,2017-02-01,64836.0000,23880851.6992,36615.0000,1.2974,23880836.8254,1605558.6562,CDI_ajustado_pct
1991-01-04,29853.0000,15.0026,2017-02-02,64578.0000,23892335.7620,34725.0000,1.1632,23892320.7594,1592544.6119,CDI_ajustado_pct
1991-01-07,30140.0000,15.1245,2017-02-03,64953.0000,23903825.3473,34813.0000,1.1550,23903810.2229,1580471.7495,CDI_ajustado_pct
1991-01-08,28238.0000,15.2606,2017-02-06,63992.0000,23915320.4579,35754.0000,1.2662,23915305.1973,1567122.4534,CDI_ajustado_pct
1991-01-09,30383.0000,15.4011,2017-02-07,64198.0000,23926821.0964,33815.0000,1.1130,23926805.6952,1553572.8259,CDI_ajustado_pct
1991-01-10,28105.0000,15.5369,2017-02-08,64835.0000,23938327.2654,36730.0000,1.3069,23938311.7284,1540735.7565,CDI_ajustado_pct
1991-01-11,28234.0000,15.6821,2017-02-09,64964.0000,23949838.9676,36730.0000,1.3009,23949823.2855,1527207.4687,CDI_ajustado_pct
1991-01-14,26485.0000,15.8499,2017-02-10,66124.0000,23961356.2056,39639.0000,1.4967,23961340.3557,1511765.9812,CDI_ajustado_pct
1991-01-15,27622.0000,16.0070,2017-02-13,66967.0000,23972878.9822,39345.0000,1.4244,23972862.9752,1497651.2412,CDI_ajustado_pct
1991-01-16,28341.0000,16.1694,2017-02-14,66712.0000,23984407.3000,38371.0000,1.3539,23984391.1306,1483320.6716,CDI_ajustado_pct
1991-01-17,31932.0000,16.3676,2017-02-15,67975.0000,23995941.1616,36043.0000,1.1287,23995924.7940,1466060.0774,CDI_ajustado_pct
1991-01-18,32735.0000,16.5598,2017-02-16,67814.0000,24007480.5697,35079.0000,1.0716,24007464.0100,1449745.0726,CDI_ajustado_pct
1991-01-21,34845.0000,16.7170,2017-02-17,67748.0000,24019025.5271,32903.0000,0.9443,24019008.8101,1436802.1941,CDI_ajustado_pct
1991-01-22,33840.0000,16.8618,2017-02-20,68532.0000,24030576.0363,34692.0000,1.0252,24030559.1745,1425151.3193,CDI_ajustado_pct
1991-01-23,33704.0000,17.0075,2017-02-21,69052.0000,24042132.1000,35348.0000,1.0488,24042115.0925,1413618.2829,CDI_ajustado_pct
1991-01-24,37734.0000,17.1686,2017-02-22,68589.0000,24053693.7209,30855.0000,0.8177,24053676.5523,1401025.6901,CDI_ajustado_pct
1991-01-25,37734.0000,17.3200,2017-02-23,67461.0000,24064624.2004,29727.0000,0.7878,24064606.8803,1389407.7594,CDI_ajustado_pct
1991-01-28,40065.0000,17.4799,2017-02-24,66662.0000,24075559.6469,26597.0000,0.6638,24075542.1670,1377326.4026,CDI_ajustado_pct
1991-01-31,47480.0000,18.0217,2017-03-01,66988.0000,24086500.0627,19508.0000,0.4109,24086482.0410,1336525.0571,CDI_ajustado_pct
1991-02-04,64601.0000,18.1025,2017-03-03,66785.0000,24108395.8112,2184.0000,0.0338,24108377.7088,1331773.6709,CDI_ajustado_pct
1991-02-05,61931.0000,18.1846,2017-03-06,66341.0000,24119351.1485,4410.0000,0.0712,24119332.9638,1326357.1898,CDI_ajustado_pct
1991-02-06,62487.0000,18.2572,2017-03-07,65742.0000,24130311.4640,3255.0000,0.0521,24130293.2068,1321686.3808,CDI_ajustado_pct
1991-02-07,59613.0000,18.3253,2017-03-08,64718.0000,24141276.7602,5105.0000,0.0856,24141258.4349,1317373.1763,CDI_ajustado_pct
1991-02-08,53900.0000,18.3922,2017-03-09,64585.0000,24152247.0391,10685.0000,0.1982,24152228.6470,1313178.7116,CDI_ajustado_pct
1991-02-13,53900.0000,18.4593,2017-03-14,64699.0000,24185187.7958,10799.0000,0.2004,24185169.3365,1310187.5424,CDI_ajustado_pct
1991-02-14,58559.0000,18.5594,2017-03-15,66234.0000,24196178.0289,7675.0000,0.1311,24196159.4695,1303716.7680,CDI_ajustado_pct
1991-02-15,61985.0000,18.6824,2017-03-16,65782.0000,24207173.2561,3797.0000,0.0613,24207154.5737,1295718.5825,CDI_ajustado_pct
1991-02-18,63049.0000,18.8399,2017-03-17,64209.0000,24218173.4798,1160.0000,0.0184,24218154.6399,1285470.8557,CDI_ajustado_pct
1991-02-19,62275.0000,18.9543,2017-03-20,64884.0000,24229178.7022,2609.0000,0.0419,24229159.7479,1278295.7386,CDI_ajustado_pct
1991-02-20,59447.0000,19.0661,2017-03-21,62980.0000,24240188.9256,3533.0000,0.0594,24240169.8595,1271375.5009,CDI_ajustado_pct
1991-02-21,58247.0000,19.1639,2017-03-22,63521.0000,24251204.1522,5274.0000,0.0905,24251184.9883,1265461.4176,CDI_ajustado_pct
1991-02-22,62944.0000,19.2534,2017-03-23,63530.0000,24262224.3844,586.0000,0.0093,24262205.1310,1260151.5566,CDI_ajustado_pct
1991-02-25,60346.0000,19.3400,2017-03-24,63853.0000,24273249.6244,3507.0000,0.0581,24273230.2844,1255076.3470,CDI_ajustado_pct
1991-02-26,62335.0000,19.4251,2017-03-27,64308.0000,24284279.8745,1973.0000,0.0317,24284260.4494,1250146.0323,CDI_ajustado_pct
1991-02-27,67262.0000,19.5124,2017-03-28,64640.0000,24295315.1370,-2622.0000,-0.0390,24295295.6246,1245123.5151,CDI_ajustado_pct
1991-02-28,72597.0000,19.5926,2017-03-29,65528.0000,24306355.4141,-7069.0000,-0.0974,24306335.8215,1240590.4935,CDI_ajustado_pct
1991-03-01,70194.0000,19.6788,2017-03-30,65265.0000,24317400.7081,-4929.0000,-0.0702,24317381.0293,1235717.0835,CDI_ajustado_pct
1991-03-04,69793.0000,19.7671,2017-03-31,64984.0000,24328451.0213,-4809.0000,-0.0689,24328431.2542,1230752.5352,CDI_ajustado_pct
1991-03-05,72695.0000,19.8537,2017-04-03,65211.0000,24339506.3560,-7484.0000,-0.1030,24339486.5023,1225942.1831,CDI_ajustado_pct
1991-03-06,68906.0000,19.9399,2017-04-04,65768.0000,24350566.7145,-3138.0000,-0.0455,24350546.7746,1221199.2670,CDI_ajustado_pct
1991-03-07,69703.0000,20.0276,2017-04-05,64774.0000,24361632.0990,-4929.0000,-0.0707,24361612.0714,1216402.0315,CDI_ajustado_pct
1991-03-08,64516.0000,20.1163,2017-04-06,64222.0000,24372702.5119,-294.0000,-0.0046,24372682.3956,1211587.4525,CDI_ajustado_pct
1991-03-11,61850.0000,20.2101,2017-04-07,64593.0000,24383777.9554,2743.0000,0.0443,24383757.7453,1206515.6549,CDI_ajustado_pct
1991-03-12,63626.0000,20.3190,2017-04-10,64649.0000,24394858.4317,1023.0000,0.0161,24394838.1127,1200592.7201,CDI_ajustado_pct
1991-03-13,63866.0000,20.4249,2017-04-11,64359.0000,24405943.9433,493.0000,0.0077,24405923.5185,1194912.7930,CDI_ajustado_pct
1991-03-14,60119.0000,20.5245,2017-04-12,63891.0000,24417034.4924,3772.0000,0.0627,24417013.9678,1189650.2874,CDI_ajustado_pct
1991-03-15,60215.0000,20.6253,2017-04-13,62826.0000,24427261.8114,2611.0000,0.0434,24427241.1861,1184333.5024,CDI_ajustado_pct
1991-03-19,62607.0000,20.8619,2017-04-17,64334.0000,24437493.4143,1727.0000,0.0276,24437472.5524,1171390.9039,CDI_ajustado_pct
1991-03-20,60461.0000,20.9692,2017-04-18,64158.0000,24447729.3028,3697.0000,0.0611,24447708.3336,1165888.8791,CDI_ajustado_pct
1991-03-21,60973.0000,21.0799,2017-04-19,63406.0000,24457969.4787,2433.0000,0.0399,24457948.3988,1160251.0927,CDI_ajustado_pct
1991-03-22,59268.0000,21.2005,2017-04-20,63760.0000,24468213.9438,4492.0000,0.0758,24468192.7433,1154135.4156,CDI_ajustado_pct
1991-03-26,63173.0000,21.4328,2017-04-24,64389.0000,24478462.6999,1216.0000,0.0192,24478441.2671,1142101.5806,CDI_ajustado_pct
1991-03-27,64241.0000,21.5535,2017-04-25,65148.0000,24488715.7488,907.0000,0.0141,24488694.1953,1136183.2444,CDI_ajustado_pct
1991-04-01,67070.0000,21.6578,2017-04-28,65403.0000,24519500.6702,-1667.0000,-0.0249,24519479.0124,1132132.0251,CDI_ajustado_pct
1991-04-03,70694.0000,21.8952,2017-05-02,66721.0000,24529770.9082,-3973.0000,-0.0562,24529749.0131,1120327.8961,CDI_ajustado_pct
1991-04-04,69100.0000,22.0064,2017-05-03,66093.0000,24540045.4481,-3007.0000,-0.0435,24540023.4417,1115132.2800,CDI_ajustado_pct
1991-04-05,70685.0000,22.1180,2017-05-04,64862.0000,24550324.2915,-5823.0000,-0.0824,24550302.1736,1109971.8027,CDI_ajustado_pct
1991-04-08,70046.0000,22.2467,2017-05-05,65709.0000,24560607.4403,-4337.0000,-0.0619,24560585.1937,1104011.3739,CDI_ajustado_pct
1991-04-09,67969.0000,22.3757,2017-05-08,65526.0000,24570894.8964,-2443.0000,-0.0359,24570872.5207,1098104.7869,CDI_ajustado_pct
1991-04-10,66699.0000,22.5032,2017-05-09,66277.0000,24581186.6614,-422.0000,-0.0063,24581164.1582,1092338.4049,CDI_ajustado_pct
1991-04-11,64052.0000,22.6421,2017-05-10,67349.0000,24591482.7373,3297.0000,0.0515,24591460.0952,1086094.7315,CDI_ajustado_pct
1991-04-12,66999.0000,22.7802,2017-05-11,67537.0000,24601783.1257,538.0000,0.0080,24601760.3455,1079961.8800,CDI_ajustado_pct
1991-04-15,65129.0000,22.9294,2017-05-12,68221.0000,24612087.8286,3092.0000,0.0475,24612064.8992,1073383.5644,CDI_ajustado_pct
1991-04-16,68820.0000,23.1021,2017-05-15,68474.0000,24622396.8477,-346.0000,-0.0050,24622373.7456,1065807.6233,CDI_ajustado_pct
1991-04-17,69550.0000,23.2405,2017-05-16,68684.0000,24632710.1848,-866.0000,-0.0125,24632686.9444,1059905.2097,CDI_ajustado_pct
1991-04-18,69197.0000,23.3701,2017-05-17,67540.0000,24643027.8418,-1657.0000,-0.0239,24643004.4717,1054465.2404,CDI_ajustado_pct
1991-04-19,69098.0000,23.5036,2017-05-18,61597.0000,24653349.8205,-7501.0000,-0.1086,24653326.3169,1048917.5890,CDI_ajustado_pct
1991-04-22,70525.0000,23.6289,2017-05-19,62639.0000,24663676.1226,-7886.0000,-0.1118,24663652.4937,1043793.5142,CDI_ajustado_pct
1991-04-23,69348.0000,23.7366,2017-05-22,61673.0000,24674006.7500,-7675.0000,-0.1107,24673983.0134,1039490.6362,CDI_ajustado_pct
1991-04-24,71900.0000,23.8373,2017-05-23,62662.0000,24684341.7044,-9238.0000,-0.1285,24684317.8672,1035535.3634,CDI_ajustado_pct
1991-04-25,70893.0000,23.9371,2017-05-24,63257.0000,24694680.9878,-7636.0000,-0.1077,24694657.0507,1031646.5052,CDI_ajustado_pct
1991-04-26,70102.0000,24.0389,2017-05-25,63226.0000,24705024.6019,-6876.0000,-0.0981,24705000.5630,1027710.8457,CDI_ajustado_pct
1991-04-29,68232.0000,24.1401,2017-05-26,64085.0000,24715372.5485,-4147.0000,-0.0608,24715348.4084,1023830.9804,CDI_ajustado_pct
1991-04-30,66753.0000,24.2453,2017-05-29,63760.0000,24725724.8294,-2993.0000,-0.0448,24725700.5841,1019813.4318,CDI_ajustado_pct
1991-05-02,67240.0000,24.3602,2017-05-31,62711.0000,24746442.4016,-4529.0000,-0.0674,24746418.0414,1015852.7827,CDI_ajustado_pct
1991-05-03,68278.0000,24.4833,2017-06-01,62288.0000,24755928.7028,-5990.0000,-0.0877,24755904.2196,1011135.9585,CDI_ajustado_pct
1991-05-06,66353.0000,24.6275,2017-06-02,62510.0000,24765418.6405,-3843.0000,-0.0579,24765394.0131,1005600.5744,CDI_ajustado_pct
1991-05-07,68373.0000,24.7725,2017-06-05,62450.0000,24774912.2161,-5923.0000,-0.0866,24774887.4436,1000095.4934,CDI_ajustado_pct
1991-05-08,70213.0000,24.9018,2017-06-06,62954.0000,24784409.4310,-7259.0000,-0.1034,24784384.5291,995283.4854,CDI_ajustado_pct
1991-05-09,74301.0000,25.0418,2017-06-07,63170.0000,24793910.2865,-11131.0000,-0.1498,24793885.2447,990100.6465,CDI_ajustado_pct
1991-05-10,73447.0000,25.2349,2017-06-08,62755.0000,24803414.7841,-10692.0000,-0.1456,24803389.5492,982902.0098,CDI_ajustado_pct
1991-05-13,70890.0000,25.5518,2017-06-09,62210.0000,24812922.9251,-8680.0000,-0.1224,24812897.3733,971081.9935,CDI_ajustado_pct
1991-05-14,74170.0000,25.7575,2017-06-12,61700.0000,24822434.7110,-12470.0000,-0.1681,24822408.9535,963696.4837,CDI_ajustado_pct
1991-05-15,74303.0000,25.8986,2017-06-13,61828.0000,24831950.1431,-12475.0000,-0.1679,24831924.2444,958811.6143,CDI_ajustado_pct
1991-05-16,79660.0000,26.0805,2017-06-14,61922.0000,24841469.2228,-17738.0000,-0.2227,24841443.1424,952492.6601,CDI_ajustado_pct
1991-05-20,81025.0000,26.3592,2017-06-16,61626.0000,24850991.9517,-19399.0000,-0.2394,24850965.5924,942781.1068,CDI_ajustado_pct
1991-05-21,83870.0000,26.4860,2017-06-19,62014.0000,24860518.3309,-21856.0000,-0.2606,24860491.8449,938627.7088,CDI_ajustado_pct
1991-05-22,85833.0000,26.6009,2017-06-20,60766.0000,24870048.3620,-25067.0000,-0.2920,24870021.7611,934929.9225,CDI_ajustado_pct
1991-05-23,87633.0000,26.7156,2017-06-21,60761.0000,24879582.0463,-26872.0000,-0.3066,24879555.3307,931274.5215,CDI_ajustado_pct
1991-05-24,90988.0000,26.8305,2017-06-22,61272.0000,24889119.3853,-29716.0000,-0.3266,24889092.5548,927642.6489,CDI_ajustado_pct
1991-05-27,96677.0000,26.9464,2017-06-23,61087.0000,24898660.3803,-35590.0000,-0.3681,24898633.4340,924006.5393,CDI_ajustado_pct
1991-05-28,94629.0000,27.0636,2017-06-26,62188.0000,24908205.0328,-32441.0000,-0.3428,24908177.9692,920357.1902,CDI_ajustado_pct
1991-05-29,103963.0000,27.1829,2017-06-27,61675.0000,24917753.3441,-42288.0000,-0.4068,24917726.1612,916667.4923,CDI_ajustado_pct
1991-05-31,111682.0000,27.3102,2017-06-29,62238.0000,24936860.9489,-49444.0000,-0.4427,24936833.6388,913097.1192,CDI_ajustado_pct
1991-06-03,11251.0000,27.4557,2017-06-30,62899.0000,24946420.2452,51648.0000,4.5905,24946392.7895,908604.2801,CDI_ajustado_pct
1991-06-04,11447.0000,27.5886,2017-07-03,63279.0000,24955983.2059,51832.0000,4.5280,24955955.6173,904574.4397,CDI_ajustado_pct
1991-06-05,11246.0000,27.7191,2017-07-04,63231.0000,24965549.8325,51985.0000,4.6225,24965522.1134,900661.0681,CDI_ajustado_pct
1991-06-06,10727.0000,27.8516,2017-07-05,63154.0000,24975120.1264,52427.0000,4.8874,24975092.2748,896720.0015,CDI_ajustado_pct
1991-06-07,11537.0000,27.9836,2017-07-06,62470.0000,24984694.0890,50933.0000,4.4148,24984666.1053,892831.7234,CDI_ajustado_pct
1991-06-10,11543.0000,28.1392,2017-07-07,62322.0000,24994271.7216,50779.0000,4.3991,24994243.5824,888235.3876,CDI_ajustado_pct
1991-06-11,12323.0000,28.2785,2017-07-10,63025.0000,25003853.0257,50702.0000,4.1144,25003824.7472,884199.0936,CDI_ajustado_pct
1991-06-12,12260.0000,28.4182,2017-07-11,63832.0000,25013438.0027,51572.0000,4.2065,25013409.5845,880189.8999,CDI_ajustado_pct
1991-06-13,12194.0000,28.5597,2017-07-12,64835.0000,25023026.6541,52641.0000,4.3170,25022998.0943,876164.0105,CDI_ajustado_pct
1991-06-14,12599.0000,28.7051,2017-07-13,65178.0000,25032618.9811,52579.0000,4.1733,25032590.2760,872061.0836,CDI_ajustado_pct
1991-06-17,12183.0000,28.8587,2017-07-14,65436.0000,25042214.9853,53253.0000,4.3711,25042186.1266,867752.8965,CDI_ajustado_pct
1991-06-18,11990.0000,29.0162,2017-07-17,65212.0000,25051814.6679,53222.0000,4.4389,25051785.6517,863371.5273,CDI_ajustado_pct
1991-06-19,12899.0000,29.1633,2017-07-18,65337.0000,25061418.0306,52438.0000,4.0653,25061388.8672,859345.6052,CDI_ajustado_pct
1991-06-20,13456.0000,29.3109,2017-07-19,65179.0000,25071025.0746,51723.0000,3.8439,25070995.7637,855346.9664,CDI_ajustado_pct
1991-06-21,14041.0000,29.4695,2017-07-20,64938.0000,25080635.8013,50897.0000,3.6249,25080606.3318,851070.5584,CDI_ajustado_pct
1991-06-24,13607.0000,29.6201,2017-07-21,64684.0000,25090250.2123,51077.0000,3.7537,25090220.5922,847068.2841,CDI_ajustado_pct
1991-06-25,14168.0000,29.7702,2017-07-24,65099.0000,25099868.3088,50931.0000,3.5948,25099838.5385,843118.3844,CDI_ajustado_pct
1991-06-26,14111.0000,29.9209,2017-07-25,65667.0000,25109490.0923,51556.0000,3.6536,25109460.1714,839195.2527,CDI_ajustado_pct
1991-06-27,14150.0000,30.0705,2017-07-26,65010.0000,25119115.5642,50860.0000,3.5943,25119085.4937,835340.2440,CDI_ajustado_pct
1991-06-28,13531.0000,30.2211,2017-07-27,65277.0000,25127835.1628,51746.0000,3.8243,25127804.9417,831464.5735,CDI_ajustado_pct
1991-07-01,12906.0000,30.3771,2017-07-28,65497.0000,25136557.7882,52591.0000,4.0749,25136527.4111,827483.3807,CDI_ajustado_pct
1991-07-02,13144.0000,30.5293,2017-07-31,65920.0000,25145283.4415,52776.0000,4.0152,25145252.9123,823644.1631,CDI_ajustado_pct
1991-07-03,13316.0000,30.6825,2017-08-01,66516.0000,25154012.1238,53200.0000,3.9952,25153981.4412,819814.6007,CDI_ajustado_pct
1991-07-04,13261.0000,30.8378,2017-08-02,67135.0000,25162743.8360,53874.0000,4.0626,25162712.9982,815970.3682,CDI_ajustado_pct
1991-07-05,13001.0000,31.0003,2017-08-03,66777.0000,25171478.5793,53776.0000,4.1363,25171447.5790,811974.5054,CDI_ajustado_pct
1991-07-08,13583.0000,31.1702,2017-08-04,66897.0000,25180216.3546,53314.0000,3.9251,25180185.1844,807829.4556,CDI_ajustado_pct
1991-07-09,13424.0000,31.3363,2017-08-07,67939.0000,25188957.1631,54515.0000,4.0610,25188925.8268,803825.4826,CDI_ajustado_pct
1991-07-10,13892.0000,31.4996,2017-08-08,67898.0000,25197701.0058,54006.0000,3.8876,25197669.5063,799936.8388,CDI_ajustado_pct
1991-07-11,14263.0000,31.6753,2017-08-09,67671.0000,25206447.8838,53408.0000,3.7445,25206416.2084,795774.0962,CDI_ajustado_pct
1991-07-12,14386.0000,31.8578,2017-08-10,66992.0000,25215197.7980,52606.0000,3.6567,25215165.9402,791491.3377,CDI_ajustado_pct
1991-07-15,13706.0000,32.0588,2017-08-11,67358.0000,25223950.7496,53652.0000,3.9145,25223918.6908,786801.3655,CDI_ajustado_pct
1991-07-16,14234.0000,32.2829,2017-08-14,68284.0000,25232706.7397,54050.0000,3.7972,25232674.4568,781611.0202,CDI_ajustado_pct
1991-07-17,14164.0000,32.4621,2017-08-15,68355.0000,25241465.7692,54191.0000,3.8260,25241433.3071,777566.8397,CDI_ajustado_pct
1991-07-18,14209.0000,32.6280,2017-08-16,68594.0000,25250227.8392,54385.0000,3.8275,25250195.2112,773882.2136,CDI_ajustado_pct
1991-07-19,15183.0000,32.7999,2017-08-17,67976.0000,25258992.9508,52793.0000,3.4771,25258960.1509,770092.4591,CDI_ajustado_pct
1991-07-22,15807.0000,32.9685,2017-08-18,68714.0000,25267761.1050,52907.0000,3.3471,25267728.1365,766420.3758,CDI_ajustado_pct
1991-07-23,15810.0000,33.1452,2017-08-21,68634.0000,25276532.3029,52824.0000,3.3412,25276499.1577,762598.8882,CDI_ajustado_pct
1991-07-24,15701.0000,33.3176,2017-08-22,70011.0000,25285306.5456,54310.0000,3.4590,25285273.2280,758917.2347,CDI_ajustado_pct
1991-07-25,16803.0000,33.4888,2017-08-23,70477.0000,25294083.8340,53674.0000,3.1943,25294050.3452,755298.4389,CDI_ajustado_pct
1991-07-26,16558.0000,33.6636,2017-08-24,71132.0000,25302864.1693,54574.0000,3.2959,25302830.5057,751637.0752,CDI_ajustado_pct
1991-07-29,16524.0000,33.8454,2017-08-25,71073.0000,25311647.5526,54549.0000,3.3012,25311613.7072,747859.5444,CDI_ajustado_pct
1991-07-30,17331.0000,34.0343,2017-08-28,71016.0000,25320433.9848,53685.0000,3.0976,25320399.9505,743967.8033,CDI_ajustado_pct
1991-07-31,18014.0000,34.2296,2017-08-29,71329.0000,25329223.4670,53315.0000,2.9596,25329189.2374,739978.5745,CDI_ajustado_pct
1991-08-01,19250.0000,34.4350,2017-08-30,70886.0000,25338016.0004,51636.0000,2.6824,25337981.5654,735820.5145,CDI_ajustado_pct
1991-08-02,19072.0000,34.6378,2017-08-31,70835.0000,25346811.5859,51763.0000,2.7141,25346776.9480,731765.8336,CDI_ajustado_pct
1991-08-05,19086.0000,34.8446,2017-09-01,71923.0000,25355610.2246,52837.0000,2.7684,25355575.3800,727675.6223,CDI_ajustado_pct
1991-08-06,18371.0000,35.0547,2017-09-04,72128.0000,25364411.9176,53757.0000,2.9262,25364376.8628,723565.1170,CDI_ajustado_pct
1991-08-07,17444.0000,35.2654,2017-09-05,72150.0000,25373216.6659,54706.0000,3.1361,25373181.4005,719492.1348,CDI_ajustado_pct
1991-08-08,16829.0000,35.4784,2017-09-06,73412.0000,25382024.4706,56583.0000,3.3622,25381988.9922,715420.7451,CDI_ajustado_pct
1991-08-12,16745.0000,35.9243,2017-09-08,73078.0000,25389907.8735,56333.0000,3.3642,25389871.9492,706759.4984,CDI_ajustado_pct
1991-08-13,16240.0000,36.1690,2017-09-11,74319.0000,25397793.7250,58079.0000,3.5763,25397757.5560,702197.0425,CDI_ajustado_pct
1991-08-14,17009.0000,36.4041,2017-09-12,74538.0000,25405682.0258,57529.0000,3.3823,25405645.6217,697878.9187,CDI_ajustado_pct
1991-08-15,18386.0000,36.6396,2017-09-13,74787.0000,25413572.7766,56401.0000,3.0676,25413536.1369,693608.0229,CDI_ajustado_pct
1991-08-16,18906.0000,36.9012,2017-09-14,74656.0000,25421465.9781,55750.0000,2.9488,25421429.0769,688904.6644,CDI_ajustado_pct
1991-08-19,17602.0000,37.1477,2017-09-15,75756.0000,25429361.6313,58154.0000,3.3038,25429324.4835,684545.8586,CDI_ajustado_pct
1991-08-20,18849.0000,37.3988,2017-09-18,75990.0000,25437259.7367,57141.0000,3.0315,25437222.3378,680160.5798,CDI_ajustado_pct
1991-08-21,20249.0000,37.6468,2017-09-19,75974.0000,25445160.2952,55725.0000,2.7520,25445122.6484,675890.6694,CDI_ajustado_pct
1991-08-22,19981.0000,37.8972,2017-09-20,76004.0000,25453063.3075,56023.0000,2.8038,25453025.4104,671634.2204,CDI_ajustado_pct
1991-08-23,20509.0000,38.1605,2017-09-21,75604.0000,25460968.7745,55095.0000,2.6864,25460930.6139,667205.7367,CDI_ajustado_pct
1991-08-26,20492.0000,38.4322,2017-09-22,75389.0000,25468876.6967,54897.0000,2.6789,25468838.2645,662694.5720,CDI_ajustado_pct
1991-08-27,21922.0000,38.7366,2017-09-25,74443.0000,25476787.0752,52521.0000,2.3958,25476748.3385,657691.4742,CDI_ajustado_pct
1991-08-28,20966.0000,39.0492,2017-09-26,74318.0000,25484699.9105,53352.0000,2.5447,25484660.8612,652629.0226,CDI_ajustado_pct
1991-08-29,20503.0000,39.3729,2017-09-27,73796.0000,25492615.2034,53293.0000,2.5993,25492575.8305,647464.2362,CDI_ajustado_pct
1991-08-30,20869.0000,39.6970,2017-09-28,73567.0000,25500532.9548,52698.0000,2.5252,25500493.2578,642378.5487,CDI_ajustado_pct
1991-09-02,21311.0000,40.0332,2017-09-29,74293.0000,25508453.1653,52982.0000,2.4861,25508413.1321,637181.1327,CDI_ajustado_pct
1991-09-03,21183.0000,40.3711,2017-10-02,74359.0000,25516375.8358,53176.0000,2.5103,25516335.4647,632044.5705,CDI_ajustado_pct
1991-09-04,21426.0000,40.7118,2017-10-03,76762.0000,25524300.9669,55336.0000,2.5827,25524260.2551,626949.4160,CDI_ajustado_pct
1991-09-05,21944.0000,41.0567,2017-10-04,76591.0000,25532228.5596,54647.0000,2.4903,25532187.5029,621876.8353,CDI_ajustado_pct
1991-09-06,23515.0000,41.4040,2017-10-05,76617.0000,25540158.6144,53102.0000,2.2582,25540117.2104,616851.4129,CDI_ajustado_pct
1991-09-09,24717.0000,41.7667,2017-10-06,76054.0000,25548091.1323,51337.0000,2.0770,25548049.3656,611684.6350,CDI_ajustado_pct
1991-09-10,24759.0000,42.1230,2017-10-09,75726.0000,25556026.1139,50967.0000,2.0585,25555983.9910,606699.4634,CDI_ajustado_pct
1991-09-11,25848.0000,42.4962,2017-10-10,76897.0000,25563963.5601,51049.0000,1.9750,25563921.0639,601558.0850,CDI_ajustado_pct
1991-09-12,27383.0000,42.8744,2017-10-11,76659.0000,25571903.4715,49276.0000,1.7995,25571860.5971,596436.6284,CDI_ajustado_pct
1991-09-16,26122.0000,43.6686,2017-10-13,76989.0000,25579845.8490,50867.0000,1.9473,25579802.1804,585770.5468,CDI_ajustado_pct
1991-09-17,26614.0000,44.1018,2017-10-16,76891.0000,25587790.6933,50277.0000,1.8891,25587746.5915,580196.9183,CDI_ajustado_pct
1991-09-18,26622.0000,44.5062,2017-10-17,76201.0000,25595738.0052,49579.0000,1.8623,25595693.4990,575103.4145,CDI_ajustado_pct
1991-09-19,27313.0000,44.8903,2017-10-18,76591.0000,25603687.7855,49278.0000,1.8042,25603642.8952,570359.8223,CDI_ajustado_pct
1991-09-20,27165.0000,45.2759,2017-10-19,76283.0000,25611640.0349,49118.0000,1.8081,25611594.7590,565677.7898,CDI_ajustado_pct
1991-09-23,26743.0000,45.6612,2017-10-20,76390.0000,25619594.7542,49647.0000,1.8564,25619549.0929,561078.6958,CDI_ajustado_pct
1991-09-24,25245.0000,46.0526,2017-10-23,75413.0000,25627551.9441,50168.0000,1.9872,25627505.8916,556483.8861,CDI_ajustado_pct
1991-09-25,25800.0000,46.4457,2017-10-24,76350.0000,25635511.6055,50550.0000,1.9593,25635465.1598,551944.9443,CDI_ajustado_pct
1991-09-26,23916.0000,46.8409,2017-10-25,76671.0000,25643473.7390,52755.0000,2.2058,25643426.8981,547457.5014,CDI_ajustado_pct
1991-09-27,24134.0000,47.2382,2017-10-26,75896.0000,25650729.8164,51762.0000,2.1448,25650682.5782,543007.6965,CDI_ajustado_pct
1991-09-30,24473.0000,47.6392,2017-10-27,75975.0000,25657987.9469,51502.0000,2.1044,25657940.3077,538588.7195,CDI_ajustado_pct
1991-10-01,26992.0000,48.0508,2017-10-30,74800.0000,25665248.1311,47808.0000,1.7712,25665200.0803,534126.2593,CDI_ajustado_pct
1991-10-02,25022.0000,48.4613,2017-10-31,74308.0000,25672510.3697,49286.0000,1.9697,25672461.9084,529751.5452,CDI_ajustado_pct
1991-10-03,25306.0000,48.8726,2017-11-01,73823.0000,25679774.6633,48517.0000,1.9172,25679725.7907,525442.1811,CDI_ajustado_pct
1991-10-07,27126.0000,49.7408,2017-11-03,73915.0000,25687041.0123,46789.0000,1.7249,25686991.2715,516416.7789,CDI_ajustado_pct
1991-10-08,26714.0000,50.2185,2017-11-06,74310.0000,25694309.4174,47596.0000,1.7817,25694259.1990,511649.3573,CDI_ajustado_pct
1991-10-09,25781.0000,50.6700,2017-11-07,72414.0000,25701579.8792,46633.0000,1.8088,25701529.2093,507234.0904,CDI_ajustado_pct
1991-10-10,24102.0000,51.1305,2017-11-08,74363.0000,25708852.3983,50261.0000,2.0853,25708801.2677,502807.0921,CDI_ajustado_pct
1991-10-11,26264.0000,51.6081,2017-11-09,72930.0000,25716126.9752,46666.0000,1.7768,25716075.3670,498295.2794,CDI_ajustado_pct
1991-10-14,25359.0000,52.0998,2017-11-10,72165.0000,25723403.6104,46806.0000,1.8457,25723351.5107,493732.6398,CDI_ajustado_pct
1991-10-15,27898.0000,52.5817,2017-11-13,72475.0000,25730682.3047,44577.0000,1.5979,25730629.7230,489345.8880,CDI_ajustado_pct
1991-10-16,27543.0000,53.0635,2017-11-14,70826.0000,25737963.0586,43283.0000,1.5715,25737909.9951,485039.7650,CDI_ajustado_pct
1991-10-18,28429.0000,54.0438,2017-11-16,72511.0000,25745245.8726,44082.0000,1.5506,25745191.8288,476376.1604,CDI_ajustado_pct
1991-10-21,28507.0000,54.5547,2017-11-17,73437.0000,25752530.7474,44930.0000,1.5761,25752476.1927,472048.5162,CDI_ajustado_pct
1991-10-23,32587.0000,55.6305,2017-11-21,74594.0000,25767106.6815,42007.0000,1.2891,25767051.0510,463181.9255,CDI_ajustado_pct
1991-10-24,33437.0000,56.2260,2017-11-22,74518.0000,25774397.7420,41081.0000,1.2286,25774341.5161,458406.5010,CDI_ajustado_pct
1991-10-25,31466.0000,56.8877,2017-11-23,74486.0000,25781690.8656,43020.0000,1.3672,25781633.9779,453202.0125,CDI_ajustado_pct
1991-10-28,29092.0000,57.6680,2017-11-24,74157.0000,25788986.0528,45065.0000,1.5491,25788928.3848,447196.1945,CDI_ajustado_pct
1991-10-29,31223.0000,58.4566,2017-11-27,74058.0000,25796283.3043,42835.0000,1.3719,25796224.8478,441288.8319,CDI_ajustado_pct
1991-10-30,30942.0000,59.2559,2017-11-28,74139.0000,25803582.6207,43197.0000,1.3961,25803523.3648,435459.5041,CDI_ajustado_pct
1991-10-31,32092.0000,60.0710,2017-11-29,72700.0000,25810884.0024,40608.0000,1.2654,25810823.9314,429671.8543,CDI_ajustado_pct
1991-11-01,31160.0000,60.9232,2017-11-30,71970.0000,25818187.4501,40810.0000,1.3097,25818126.5269,423781.3739,CDI_ajustado_pct
1991-11-04,30154.0000,61.7676,2017-12-01,72264.0000,25825492.9645,42110.0000,1.3965,25825431.1968,418106.3199,CDI_ajustado_pct
1991-11-05,29984.0000,62.6307,2017-12-04,73090.0000,25832800.5459,43106.0000,1.4376,25832737.9152,412461.1577,CDI_ajustado_pct
1991-11-06,30085.0000,63.5061,2017-12-05,72546.0000,25840110.1952,42461.0000,1.4114,25840046.6891,406890.8745,CDI_ajustado_pct
1991-11-07,31151.0000,64.3920,2017-12-06,73268.0000,25847421.9128,42117.0000,1.3520,25847357.5208,401406.3757,CDI_ajustado_pct
1991-11-08,31309.0000,65.3156,2017-12-07,72487.0000,25854257.0050,41178.0000,1.3152,25854191.6894,395834.9187,CDI_ajustado_pct
1991-11-11,31989.0000,66.2287,2017-12-08,72731.0000,25861093.9047,40742.0000,1.2736,25861027.6760,390480.6599,CDI_ajustado_pct
1991-11-12,33826.0000,67.1594,2017-12-11,72800.0000,25867932.6124,38974.0000,1.1522,25867865.4530,385170.9701,CDI_ajustado_pct
1991-11-13,33784.0000,68.1077,2017-12-12,73813.0000,25874773.1285,40029.0000,1.1849,25874705.0208,379908.5028,CDI_ajustado_pct
1991-11-14,35037.0000,69.0848,2017-12-13,72914.0000,25881615.4535,37877.0000,1.0811,25881546.3687,374634.1985,CDI_ajustado_pct
1991-11-18,33873.0000,70.0679,2017-12-15,72607.0000,25895305.5322,38734.0000,1.1435,25895235.4642,369573.3192,CDI_ajustado_pct
1991-11-19,32972.0000,71.0510,2017-12-18,73115.0000,25902153.2868,40143.0000,1.2175,25902082.2358,364556.3104,CDI_ajustado_pct
1991-11-20,32290.0000,72.0360,2017-12-19,72680.0000,25909002.8522,40390.0000,1.2509,25908930.8162,359666.5243,CDI_ajustado_pct
1991-11-21,30894.0000,73.0344,2017-12-20,73367.0000,25915854.2289,42473.0000,1.3748,25915781.1945,354843.4902,CDI_ajustado_pct
1991-11-22,30628.0000,74.0418,2017-12-21,75133.0000,25922707.4174,44505.0000,1.4531,25922633.3756,350108.1542,CDI_ajustado_pct
1991-11-25,31331.0000,75.0596,2017-12-22,75186.0000,25929562.4181,43855.0000,1.3997,25929487.3585,345451.9099,CDI_ajustado_pct
1991-11-27,30968.0000,77.1367,2017-12-26,75707.0000,25936419.2316,44739.0000,1.4447,25936342.0949,336238.7793,CDI_ajustado_pct
1991-11-28,32351.0000,78.1994,2017-12-27,76072.0000,25943277.8583,43721.0000,1.3515,25943199.6590,331757.1717,CDI_ajustado_pct
1991-11-29,32308.0000,79.2811,2017-12-28,76402.0000,25950138.2987,44094.0000,1.3648,25950059.0176,327317.0039,CDI_ajustado_pct
1991-12-04,35820.0000,82.5999,2018-01-02,77891.0000,25963864.6225,42071.0000,1.1745,25963782.0226,314331.8830,CDI_ajustado_pct
1991-12-05,36670.0000,83.7345,2018-01-03,77995.0000,25970730.5069,41325.0000,1.1269,25970646.7723,310154.5014,CDI_ajustado_pct
1991-12-06,37628.0000,84.8887,2018-01-04,78647.0000,25977598.2068,41019.0000,1.0901,25977513.3182,306018.5505,CDI_ajustado_pct
1991-12-09,40575.0000,86.0715,2018-01-05,79071.0000,25984467.7229,38496.0000,0.9488,25984381.6514,301893.0844,CDI_ajustado_pct
1991-12-10,40172.0000,87.2280,2018-01-08,79378.0000,25991339.0556,39206.0000,0.9760,25991251.8276,297969.1901,CDI_ajustado_pct
1991-12-11,39165.0000,88.4012,2018-01-09,78863.0000,25998212.2053,39698.0000,1.0136,25998123.8041,294092.4288,CDI_ajustado_pct
1991-12-12,43617.0000,89.5657,2018-01-10,78200.0000,26005087.1725,34583.0000,0.7929,26004997.6068,290345.3703,CDI_ajustado_pct
1991-12-13,43470.0000,90.7364,2018-01-11,79365.0000,26011963.9577,35895.0000,0.8257,26011873.2214,286675.2904,CDI_ajustado_pct
1991-12-16,43396.0000,91.8999,2018-01-12,79349.0000,26018842.5615,35953.0000,0.8285,26018750.6616,283120.5381,CDI_ajustado_pct
1991-12-17,46907.0000,93.0582,2018-01-15,79752.0000,26025722.9842,32845.0000,0.7002,26025629.9261,279670.6132,CDI_ajustado_pct
1991-12-18,47004.0000,94.2034,2018-01-16,79831.0000,26032605.2264,32827.0000,0.6984,26032511.0230,276343.6867,CDI_ajustado_pct
1991-12-19,48692.0000,95.3461,2018-01-17,81189.0000,26039489.2885,32497.0000,0.6674,26039393.9425,273103.9996,CDI_ajustado_pct
1991-12-20,51328.0000,97.6058,2018-01-18,80962.0000,26046375.1711,29634.0000,0.5773,26046277.5653,266851.8079,CDI_ajustado_pct
1991-12-23,53650.0000,98.7426,2018-01-19,81219.0000,26053262.8745,27569.0000,0.5139,26053164.1320,263849.3960,CDI_ajustado_pct
1991-12-26,52676.0000,99.8949,2018-01-24,83679.0000,26073936.9151,31003.0000,0.5886,26073837.0202,261012.7388,CDI_ajustado_pct
1991-12-30,60776.0000,103.4275,2018-01-26,85530.0000,26087728.7222,24754.0000,0.4073,26087625.2946,252230.9466,CDI_ajustado_pct
1992-01-02,67597.0000,104.6294,2018-01-31,84912.0000,26108430.1124,17315.0000,0.2562,26108325.4831,249531.5322,CDI_ajustado_pct
1992-01-03,70924.0000,105.8260,2018-02-01,85495.0000,26115334.2257,14571.0000,0.2054,26115228.3997,246775.2204,CDI_ajustado_pct
1992-01-06,79380.0000,107.0380,2018-02-02,84041.0000,26122240.1647,4661.0000,0.0587,26122133.1267,244045.3347,CDI_ajustado_pct
1992-01-07,75289.0000,108.2736,2018-02-05,81861.0000,26129147.9299,6572.0000,0.0873,26129039.6563,241324.1742,CDI_ajustado_pct
1992-01-08,70761.0000,109.5411,2018-02-06,83894.0000,26136057.5218,13133.0000,0.1856,26135947.9806,238594.8276,CDI_ajustado_pct
1992-01-09,73008.0000,110.8542,2018-02-07,82766.0000,26142968.9408,9758.0000,0.1337,26142858.0866,235831.0805,CDI_ajustado_pct
1992-01-10,78999.0000,112.1659,2018-02-08,81532.0000,26149639.3193,2533.0000,0.0321,26149527.1534,233132.5074,CDI_ajustado_pct
1992-01-13,82462.0000,113.4850,2018-02-09,80898.0000,26156311.3998,-1564.0000,-0.0190,26156197.9148,230481.5170,CDI_ajustado_pct
1992-01-16,83183.0000,117.4752,2018-02-14,83542.0000,26162985.1827,359.0000,0.0043,26162867.7074,222709.6262,CDI_ajustado_pct
1992-01-17,81794.0000,118.8090,2018-02-15,84290.0000,26169660.6683,2496.0000,0.0305,26169541.8593,220265.6903,CDI_ajustado_pct
1992-01-20,8991.0000,120.1586,2018-02-16,84524.0000,26176337.8572,75533.0000,8.4010,26176217.6986,217847.1366,CDI_ajustado_pct
1992-01-21,9036.0000,121.5321,2018-02-19,84792.0000,26183016.7499,75756.0000,8.3838,26182895.2178,215440.2273,CDI_ajustado_pct
1992-01-22,9204.0000,122.9208,2018-02-20,85803.0000,26189697.3466,76599.0000,8.3224,26189574.4258,213060.6124,CDI_ajustado_pct
1992-01-23,10082.0000,124.3401,2018-02-21,86051.0000,26196379.6479,75969.0000,7.5351,26196255.3078,210682.2847,CDI_ajustado_pct
1992-01-24,10743.0000,125.7775,2018-02-22,86686.0000,26203063.6541,75943.0000,7.0691,26202937.8767,208327.7601,CDI_ajustado_pct
1992-01-27,11433.0000,127.2407,2018-02-23,87293.0000,26209749.3658,75860.0000,6.6352,26209622.1251,205984.6165,CDI_ajustado_pct
1992-01-28,12133.0000,128.7324,2018-02-26,87652.0000,26216436.7834,75519.0000,6.2243,26216308.0510,203649.7093,CDI_ajustado_pct
1992-01-29,11844.0000,130.2729,2018-02-27,86935.0000,26223125.9072,75091.0000,6.3400,26222995.6343,201292.8536,CDI_ajustado_pct
1992-01-30,10994.0000,131.8531,2018-02-28,85353.0000,26229816.7378,74359.0000,6.7636,26229684.8847,198931.1666,CDI_ajustado_pct
1992-01-31,11207.0000,133.4894,2018-03-01,85377.0000,26236509.2755,74170.0000,6.6182,26236375.7862,196542.8154,CDI_ajustado_pct
1992-02-03,10503.0000,135.1798,2018-03-02,85761.0000,26243203.5209,75258.0000,7.1654,26243068.3411,194134.5608,CDI_ajustado_pct
1992-02-04,10738.0000,136.8952,2018-03-05,86022.0000,26249899.4742,75284.0000,7.0110,26249762.5790,191750.7646,CDI_ajustado_pct
1992-02-05,10134.0000,138.6347,2018-03-06,85653.0000,26256597.1361,75519.0000,7.4520,26256458.5014,189393.1215,CDI_ajustado_pct
1992-02-06,9787.0000,140.4018,2018-03-07,85483.0000,26263296.5069,75696.0000,7.7343,26263156.1050,187057.0778,CDI_ajustado_pct
1992-02-07,10744.0000,142.1976,2018-03-08,84984.0000,26269997.5870,74240.0000,6.9099,26269855.3894,184741.9434,CDI_ajustado_pct
1992-02-10,10554.0000,144.0182,2018-03-09,86371.0000,26276700.3768,75817.0000,7.1837,26276556.3587,182453.0610,CDI_ajustado_pct
1992-02-11,11201.0000,145.8597,2018-03-12,86900.0000,26283404.8769,75699.0000,6.7582,26283259.0173,180195.5010,CDI_ajustado_pct
1992-02-12,11159.0000,147.7247,2018-03-13,86383.0000,26290111.0877,75224.0000,6.7411,26289963.3630,177965.8744,CDI_ajustado_pct
1992-02-13,10423.0000,149.6132,2018-03-14,86050.0000,26296819.0095,75627.0000,7.2558,26296669.3964,175764.4154,CDI_ajustado_pct
1992-02-14,10907.0000,151.5182,2018-03-15,84928.0000,26303528.6429,74021.0000,6.7866,26303377.1247,173598.7589,CDI_ajustado_pct
1992-02-17,10775.0000,153.4551,2018-03-16,84886.0000,26310239.9882,74111.0000,6.8781,26310086.5331,171451.3213,CDI_ajustado_pct
1992-02-18,11543.0000,155.4112,2018-03-19,83913.0000,26316953.0460,72370.0000,6.2696,26316797.6348,169336.5771,CDI_ajustado_pct
1992-02-19,12575.0000,157.3932,2018-03-20,84163.0000,26323667.8165,71588.0000,5.6929,26323510.4234,167246.8170,CDI_ajustado_pct
1992-02-20,13148.0000,159.3994,2018-03-21,84976.0000,26330384.3004,71828.0000,5.4630,26330224.9010,165183.9325,CDI_ajustado_pct
1992-02-21,13822.0000,161.4201,2018-03-22,84767.0000,26336857.0988,70945.0000,5.1328,26336695.6787,163156.2493,CDI_ajustado_pct
1992-02-24,13626.0000,163.4599,2018-03-23,84377.0000,26343331.4883,70751.0000,5.1924,26343168.0284,161159.8221,CDI_ajustado_pct
1992-02-25,13767.0000,165.5173,2018-03-26,85087.0000,26349807.4695,71320.0000,5.1805,26349641.9522,159195.6841,CDI_ajustado_pct
1992-02-26,13656.0000,167.5957,2018-03-27,83808.0000,26356285.0427,70152.0000,5.1371,26356117.4470,157260.1432,CDI_ajustado_pct
1992-02-27,14165.0000,169.6912,2018-03-28,83874.0000,26362764.2082,69709.0000,4.9212,26362594.5171,155356.3189,CDI_ajustado_pct
1992-02-28,14498.0000,173.9617,2018-03-29,85365.0000,26369244.9666,70867.0000,4.8881,26369071.0048,151579.7282,CDI_ajustado_pct
1992-03-05,15148.0000,176.1351,2018-04-04,84359.0000,26388696.8021,69211.0000,4.5690,26388520.6670,149819.7844,CDI_ajustado_pct
1992-03-06,15343.0000,178.3350,2018-04-05,85209.0000,26395183.9354,69866.0000,4.5536,26395005.6004,148007.9827,CDI_ajustado_pct
1992-03-09,14742.0000,180.5606,2018-04-06,84820.0000,26401672.6635,70078.0000,4.7536,26401492.1029,146219.5355,CDI_ajustado_pct
1992-03-10,14607.0000,182.8068,2018-04-09,83307.0000,26408162.9867,68700.0000,4.7032,26407980.1799,144458.4058,CDI_ajustado_pct
1992-03-11,15132.0000,185.0346,2018-04-10,84510.0000,26414654.9054,69378.0000,4.5849,26414469.8708,142754.2077,CDI_ajustado_pct
1992-03-12,15424.0000,187.3007,2018-04-11,85245.0000,26421148.4200,69821.0000,4.5268,26420961.1193,141061.7522,CDI_ajustado_pct
1992-03-13,15916.0000,189.5795,2018-04-12,85443.0000,26427643.5309,69527.0000,4.3684,26427453.9514,139400.3791,CDI_ajustado_pct
1992-03-16,15491.0000,191.8108,2018-04-13,84334.0000,26434140.2385,68843.0000,4.4441,26433948.4277,137812.5823,CDI_ajustado_pct
1992-03-17,15386.0000,194.0467,2018-04-16,82861.0000,26440638.5432,67475.0000,4.3855,26440444.4965,136258.1332,CDI_ajustado_pct
1992-03-18,15870.0000,196.3100,2018-04-17,84086.0000,26447138.4454,68216.0000,4.2984,26446942.1355,134720.3305,CDI_ajustado_pct
1992-03-19,16208.0000,198.5826,2018-04-18,85776.0000,26453639.9455,69568.0000,4.2922,26453441.3629,133211.2943,CDI_ajustado_pct
1992-03-20,16632.0000,200.8921,2018-04-19,85824.0000,26460143.0438,69192.0000,4.1602,26459942.1517,131712.2171,CDI_ajustado_pct
1992-03-23,16374.0000,203.2151,2018-04-20,85550.0000,26466647.7407,69176.0000,4.2247,26466444.5257,130238.5928,CDI_ajustado_pct
1992-03-24,16375.0000,205.5758,2018-04-23,85602.0000,26473154.0367,69227.0000,4.2276,26472948.4610,128774.6652,CDI_ajustado_pct
1992-03-25,15356.0000,207.9632,2018-04-24,85469.0000,26479661.9322,70113.0000,4.5658,26479453.9690,127327.6129,CDI_ajustado_pct
1992-03-26,15430.0000,210.3735,2018-04-25,85044.0000,26486171.4275,69614.0000,4.5116,26485961.0540,125899.7247,CDI_ajustado_pct
1992-03-27,15974.0000,212.8173,2018-04-26,86383.0000,26492682.5230,70409.0000,4.4077,26492469.7057,124484.5671,CDI_ajustado_pct
1992-03-30,16400.0000,215.2860,2018-04-27,86444.0000,26499195.2192,70044.0000,4.2710,26498979.9332,123087.3446,CDI_ajustado_pct
1992-03-31,17555.0000,217.8084,2018-04-30,86115.0000,26505709.5163,68560.0000,3.9054,26505491.7079,121691.7694,CDI_ajustado_pct
1992-04-02,18219.0000,222.9489,2018-05-02,84547.0000,26512225.4149,66328.0000,3.6406,26512002.4660,118915.1496,CDI_ajustado_pct
1992-04-03,18991.0000,225.5604,2018-05-03,83288.0000,26518742.9153,64297.0000,3.3857,26518517.3549,117567.2669,CDI_ajustado_pct
1992-04-06,20113.0000,228.2055,2018-05-04,83118.0000,26525262.0178,63005.0000,3.1326,26525033.8124,116233.1294,CDI_ajustado_pct
1992-04-07,20648.0000,230.8762,2018-05-07,82714.0000,26531782.7230,62066.0000,3.0059,26531551.8468,114916.7825,CDI_ajustado_pct
1992-04-08,19600.0000,233.5705,2018-05-08,82956.0000,26538305.0311,63356.0000,3.2324,26538071.4606,113619.0863,CDI_ajustado_pct
1992-04-09,20269.0000,236.2916,2018-05-09,84265.0000,26544828.9427,63996.0000,3.1573,26544592.6510,112338.2651,CDI_ajustado_pct
1992-04-10,21259.0000,239.0366,2018-05-10,85861.0000,26551354.4580,64602.0000,3.0388,26551115.4214,111075.5419,CDI_ajustado_pct
1992-04-13,22032.0000,241.8150,2018-05-11,85220.0000,26557881.5774,63188.0000,2.8680,26557639.7625,109826.2891,CDI_ajustado_pct
1992-04-14,22398.0000,244.6063,2018-05-14,85232.0000,26564410.3015,62834.0000,2.8053,26564165.6952,108599.6745,CDI_ajustado_pct
1992-04-15,23675.0000,247.4340,2018-05-15,85130.0000,26570940.6304,61455.0000,2.5958,26570693.1965,107384.9897,CDI_ajustado_pct
1992-04-20,23828.0000,250.1739,2018-05-18,83081.0000,26590541.2511,59253.0000,2.4867,26590291.0772,106287.2405,CDI_ajustado_pct
1992-04-22,24721.0000,252.8974,2018-05-22,82738.0000,26603616.3635,58017.0000,2.3469,26603363.4661,105194.2784,CDI_ajustado_pct
1992-04-23,23654.0000,255.6043,2018-05-23,80867.0000,26610156.3305,57213.0000,2.4187,26609900.7263,104105.8486,CDI_ajustado_pct
1992-04-24,22810.0000,258.3478,2018-05-24,80122.0000,26616697.9053,57312.0000,2.5126,26616439.5575,103025.6224,CDI_ajustado_pct
1992-04-27,22126.0000,261.1147,2018-05-25,78897.0000,26623241.0881,56771.0000,2.5658,26622979.9734,101958.9583,CDI_ajustado_pct
1992-04-28,23473.0000,263.9025,2018-05-28,75355.0000,26629785.8795,51882.0000,2.2103,26629521.9770,100906.6653,CDI_ajustado_pct
1992-04-29,22243.0000,266.7113,2018-05-29,76071.0000,26636332.2797,53828.0000,2.4200,26636065.5684,99868.5271,CDI_ajustado_pct
1992-04-30,22575.0000,269.5465,2018-05-30,76753.0000,26642880.2893,54178.0000,2.3999,26642610.7428,98842.3729,CDI_ajustado_pct
1992-05-04,22299.0000,272.4180,2018-06-01,77239.0000,26649429.9086,54940.0000,2.4638,26649157.4905,97824.5042,CDI_ajustado_pct
1992-05-05,22969.0000,275.3211,2018-06-04,78596.0000,26655981.1379,55627.0000,2.4218,26655705.8168,96816.7974,CDI_ajustado_pct
1992-05-06,23740.0000,278.2523,2018-06-05,76641.0000,26662533.9778,52901.0000,2.2283,26662255.7254,95820.4190,CDI_ajustado_pct
1992-05-07,24136.0000,281.2157,2018-06-06,76117.0000,26669088.4285,51981.0000,2.1537,26668807.2128,94833.9823,CDI_ajustado_pct
1992-05-08,25126.0000,284.2135,2018-06-07,73851.0000,26675644.4905,48725.0000,1.9392,26675360.2770,93856.7717,CDI_ajustado_pct
1992-05-11,26196.0000,287.2243,2018-06-08,72942.0000,26682202.1642,46746.0000,1.7845,26681914.9399,92895.7587,CDI_ajustado_pct
1992-05-12,26844.0000,290.2430,2018-06-11,72307.0000,26688761.4499,45463.0000,1.6936,26688471.2070,91952.1678,CDI_ajustado_pct
1992-05-13,26733.0000,293.2634,2018-06-12,72754.0000,26695322.3482,46021.0000,1.7215,26695029.0847,91027.4694,CDI_ajustado_pct
1992-05-14,26975.0000,296.2586,2018-06-13,72122.0000,26701884.8593,45147.0000,1.6737,26701588.6006,90129.3162,CDI_ajustado_pct
1992-05-15,27286.0000,299.3081,2018-06-14,71421.0000,26708448.9836,44135.0000,1.6175,26708149.6755,89232.9584,CDI_ajustado_pct
1992-05-18,26043.0000,302.3700,2018-06-15,70757.0000,26715014.7216,44714.0000,1.7169,26714712.3516,88351.0533,CDI_ajustado_pct
1992-05-19,26960.0000,305.4593,2018-06-18,69814.0000,26721582.0737,42854.0000,1.5895,26721276.6144,87479.0184,CDI_ajustado_pct
1992-05-20,27183.0000,308.5729,2018-06-19,71394.0000,26728151.0402,44211.0000,1.6264,26727842.4673,86617.5917,CDI_ajustado_pct
1992-05-21,25921.0000,311.7090,2018-06-20,72123.0000,26734721.6216,46202.0000,1.7824,26734409.9125,85767.1947,CDI_ajustado_pct
1992-05-22,25520.0000,314.8895,2018-06-21,70074.0000,26741293.8182,44554.0000,1.7458,26740978.9287,84921.7839,CDI_ajustado_pct
1992-05-25,23630.0000,318.1077,2018-06-22,70640.0000,26747867.6305,47010.0000,1.9894,26747549.5228,84083.3187,CDI_ajustado_pct
1992-05-26,23623.0000,321.3630,2018-06-25,70952.0000,26754443.0588,47329.0000,2.0035,26754121.6958,83252.0334,CDI_ajustado_pct
1992-05-27,25388.0000,324.6473,2018-06-26,71404.0000,26761020.1035,46016.0000,1.8125,26760695.4562,82430.0541,CDI_ajustado_pct
1992-05-28,24950.0000,327.9663,2018-06-27,70609.0000,26767598.7651,45659.0000,1.8300,26767270.7988,81615.9214,CDI_ajustado_pct
1992-05-29,25912.0000,331.3771,2018-06-28,71766.0000,26774179.0439,45854.0000,1.7696,26773847.6667,80795.6996,CDI_ajustado_pct
1992-06-01,27494.0000,334.8367,2018-06-29,72762.0000,26780760.9403,45268.0000,1.6465,26780426.1036,79980.5545,CDI_ajustado_pct
1992-06-02,27325.0000,338.3346,2018-07-02,72839.0000,26787344.4548,45514.0000,1.6657,26787006.1201,79173.1105,CDI_ajustado_pct
1992-06-03,27063.0000,341.8702,2018-07-03,73667.0000,26793929.5877,46604.0000,1.7221,26793587.7174,78373.5597,CDI_ajustado_pct
1992-06-04,26247.0000,345.4542,2018-07-04,74743.0000,26800516.3394,48496.0000,1.8477,26800170.8852,77579.5243,CDI_ajustado_pct
1992-06-05,25669.0000,349.0757,2018-07-05,74553.0000,26807104.7103,48884.0000,1.9044,26806755.6346,76793.5335,CDI_ajustado_pct
1992-06-08,24720.0000,352.7282,2018-07-06,75010.0000,26813694.7008,50290.0000,2.0344,26813341.9727,76017.0104,CDI_ajustado_pct
1992-06-10,25428.0000,360.1423,2018-07-10,74862.0000,26826879.5424,49434.0000,1.9441,26826519.4001,74488.6688,CDI_ajustado_pct
1992-06-11,26501.0000,363.8938,2018-07-11,74398.0000,26833474.3942,47897.0000,1.8074,26833110.5004,73738.8568,CDI_ajustado_pct
1992-06-12,25094.0000,367.6831,2018-07-12,75856.0000,26840070.8672,50762.0000,2.0229,26839703.1841,72996.8337,CDI_ajustado_pct
1992-06-15,23617.0000,371.5144,2018-07-13,76594.0000,26846668.9618,52977.0000,2.2432,26846297.4475,72261.8004,CDI_ajustado_pct
1992-06-16,21865.0000,375.3856,2018-07-16,76652.0000,26853268.6785,54787.0000,2.5057,26852893.2929,71534.1683,CDI_ajustado_pct
1992-06-17,19928.0000,379.2983,2018-07-17,78130.0000,26859870.0175,58202.0000,2.9206,26859490.7192,70813.6296,CDI_ajustado_pct
1992-06-19,22049.0000,383.2519,2018-07-19,77486.0000,26873077.5644,55437.0000,2.5143,26872694.3125,70117.5815,CDI_ajustado_pct
1992-06-22,20573.0000,387.2441,2018-07-20,78571.0000,26879683.7731,57998.0000,2.8191,26879296.5290,69411.7688,CDI_ajustado_pct
1992-06-23,20561.0000,391.2598,2018-07-23,77996.0000,26886291.6057,57435.0000,2.7934,26885900.3459,68716.2348,CDI_ajustado_pct
1992-06-24,19785.0000,395.2924,2018-07-24,79154.0000,26892901.0628,59369.0000,3.0007,26892505.7704,68031.9346,CDI_ajustado_pct
1992-06-25,21003.0000,399.3507,2018-07-25,80218.0000,26899512.1447,59215.0000,2.8194,26899112.7939,67357.1156,CDI_ajustado_pct
1992-06-26,22159.0000,403.4374,2018-07-26,79405.0000,26906124.8517,57246.0000,2.5834,26905721.4143,66691.1910,CDI_ajustado_pct
1992-06-29,18881.0000,407.5646,2018-07-27,79866.0000,26912739.1844,60985.0000,3.2300,26912331.6198,66032.0677,CDI_ajustado_pct
1992-06-30,20069.0000,411.7109,2018-07-30,80275.0000,26919355.1431,60206.0000,3.0000,26918943.4322,65383.1263,CDI_ajustado_pct
1992-07-01,20223.0000,415.9131,2018-07-31,79220.0000,26925972.7281,58997.0000,2.9173,26925556.8151,64738.4257,CDI_ajustado_pct
1992-07-02,21633.0000,420.1623,2018-08-01,79301.0000,26932591.9400,57668.0000,2.6657,26932171.7777,64099.4475,CDI_ajustado_pct
1992-07-03,20284.0000,424.4592,2018-08-02,79636.0000,26939212.7791,59352.0000,2.9261,26938788.3199,63466.1477,CDI_ajustado_pct
1992-07-06,21378.0000,428.7929,2018-08-03,81434.0000,26945835.2458,60056.0000,2.8092,26945406.4529,62840.1418,CDI_ajustado_pct
1992-07-07,22612.0000,433.1666,2018-08-06,81050.0000,26952459.3405,58438.0000,2.5844,26952026.1739,62220.9264,CDI_ajustado_pct
1992-07-08,24081.0000,437.5762,2018-08-07,80346.0000,26959085.0635,56265.0000,2.3365,26958647.4873,61609.0323,CDI_ajustado_pct
1992-07-09,23790.0000,442.0307,2018-08-08,79151.0000,26965712.4154,55361.0000,2.3271,26965270.3847,61003.1556,CDI_ajustado_pct
1992-07-10,25957.0000,446.5336,2018-08-09,78767.0000,26972341.3965,52810.0000,2.0345,26971894.8629,60402.8382,CDI_ajustado_pct
1992-07-13,27798.0000,451.0808,2018-08-10,76514.0000,26978972.0072,48716.0000,1.7525,26978520.9264,59808.6262,CDI_ajustado_pct
1992-07-14,29637.0000,455.6743,2018-08-13,77496.0000,26985604.2479,47859.0000,1.6148,26985148.5736,59220.2595,CDI_ajustado_pct
1992-07-15,29279.0000,460.3085,2018-08-14,78602.0000,26992238.1190,49323.0000,1.6846,26991777.8105,58638.4546,CDI_ajustado_pct
1992-07-16,30459.0000,464.9898,2018-08-15,77077.0000,26998873.6209,46618.0000,1.5305,26998408.6310,58062.3655,CDI_ajustado_pct
1992-07-17,29098.0000,469.7157,2018-08-16,76818.0000,27005510.7540,47720.0000,1.6400,27005041.0383,57492.3157,CDI_ajustado_pct
1992-07-20,27106.0000,474.4707,2018-08-17,76028.0000,27012149.5187,48922.0000,1.8048,27011675.0479,56930.1168,CDI_ajustado_pct
1992-07-21,26033.0000,479.2566,2018-08-20,76327.0000,27018789.9154,50294.0000,1.9319,27018310.6588,56375.4614,CDI_ajustado_pct
1992-07-22,24641.0000,484.0699,2018-08-21,75180.0000,27025431.9445,50539.0000,2.0510,27024947.8746,55828.6053,CDI_ajustado_pct
1992-07-23,25227.0000,488.9267,2018-08-22,76902.0000,27032075.6064,51675.0000,2.0484,27031586.6797,55287.6011,CDI_ajustado_pct
1992-07-24,26746.0000,493.8372,2018-08-23,75633.0000,27038720.9016,48887.0000,1.8278,27038227.0644,54751.2973,CDI_ajustado_pct
1992-07-27,27655.0000,498.8036,2018-08-24,76262.0000,27045367.8304,48607.0000,1.7576,27044869.0268,54219.4796,CDI_ajustado_pct
1992-07-28,28402.0000,503.8099,2018-08-27,77929.0000,27052016.3931,49527.0000,1.7438,27051512.5832,53693.8907,CDI_ajustado_pct
1992-07-29,25770.0000,509.0109,2018-08-28,77473.0000,27058666.5903,51703.0000,2.0063,27058157.5794,53158.3095,CDI_ajustado_pct
1992-07-30,26770.0000,514.4064,2018-08-29,78388.0000,27065318.4223,51618.0000,1.9282,27064804.0159,52613.6622,CDI_ajustado_pct
1992-07-31,26800.0000,520.0271,2018-08-30,76404.0000,27071971.8895,49604.0000,1.8509,27071451.8624,52057.7675,CDI_ajustado_pct
1992-08-03,24840.0000,525.7058,2018-08-31,76677.0000,27078626.9924,51837.0000,2.0868,27078101.2866,51508.0859,CDI_ajustado_pct
1992-08-04,25199.0000,531.4413,2018-09-03,76192.0000,27085283.7313,50993.0000,2.0236,27084752.2900,50964.7124,CDI_ajustado_pct
1992-08-05,25028.0000,537.2358,2018-09-04,74711.0000,27091942.1066,49683.0000,1.9851,27091404.8708,50427.4038,CDI_ajustado_pct
1992-08-06,26658.0000,543.1024,2018-09-05,75092.0000,27098602.1187,48434.0000,1.8169,27098059.0163,49894.9370,CDI_ajustado_pct
1992-08-07,28689.0000,549.0331,2018-09-06,76416.0000,27105263.7681,47727.0000,1.6636,27104714.7350,49368.0924,CDI_ajustado_pct
1992-08-11,30284.0000,561.0783,2018-09-10,76436.0000,27111927.0551,46152.0000,1.5240,27111365.9767,48320.1106,CDI_ajustado_pct
1992-08-12,29610.0000,567.1941,2018-09-11,74656.0000,27118591.9801,45046.0000,1.5213,27118024.7860,47810.8403,CDI_ajustado_pct
1992-08-13,27611.0000,573.3765,2018-09-12,75124.0000,27125258.5435,47513.0000,1.7208,27124685.1671,47306.9374,CDI_ajustado_pct
1992-08-14,27642.0000,579.6320,2018-09-13,74686.0000,27131926.7459,47044.0000,1.7019,27131347.1138,46807.8822,CDI_ajustado_pct
1992-08-17,27484.0000,585.9519,2018-09-14,75429.0000,27138596.5874,47945.0000,1.7445,27138010.6355,46314.3972,CDI_ajustado_pct
1992-08-18,27393.0000,592.3369,2018-09-17,76788.0000,27145268.0686,49395.0000,1.8032,27144675.7317,45826.4167,CDI_ajustado_pct
1992-08-19,29214.0000,598.7914,2018-09-18,78313.0000,27151941.1899,49099.0000,1.6807,27151342.3985,45343.5775,CDI_ajustado_pct
1992-08-20,28052.0000,605.3122,2018-09-19,78168.0000,27158615.9516,50116.0000,1.7865,27158010.6394,44866.1216,CDI_ajustado_pct
1992-08-21,27473.0000,611.8940,2018-09-20,78116.0000,27165292.3541,50643.0000,1.8434,27164680.4602,44394.4252,CDI_ajustado_pct
1992-08-24,28212.0000,618.5534,2018-09-21,79444.0000,27171970.3979,51232.0000,1.8160,27171351.8445,43927.2532,CDI_ajustado_pct
1992-08-25,29674.0000,625.2833,2018-09-24,77984.0000,27178650.0834,48310.0000,1.6280,27178024.8002,43465.1405,CDI_ajustado_pct
1992-08-26,31366.0000,632.0863,2018-09-25,78630.0000,27185331.4110,47264.0000,1.5069,27184699.3246,43007.8891,CDI_ajustado_pct
1992-08-27,33235.0000,639.0646,2018-09-26,78656.0000,27192014.3810,45421.0000,1.3667,27191375.3164,42548.7131,CDI_ajustado_pct
1992-08-28,35016.0000,646.2498,2018-09-27,80000.0000,27198698.9939,44984.0000,1.2847,27198052.7441,42085.9754,CDI_ajustado_pct
1992-08-31,32671.0000,653.8217,2018-09-28,79342.0000,27205385.2501,46671.0000,1.4285,27204731.4284,41608.7934,CDI_ajustado_pct
1992-09-01,34270.0000,661.4670,2018-10-01,78623.0000,27212083.2159,44353.0000,1.2942,27211421.7489,41137.9860,CDI_ajustado_pct
1992-09-02,32824.0000,669.2018,2018-10-02,81612.0000,27218782.8308,48788.0000,1.4864,27218113.6290,40672.5057,CDI_ajustado_pct
1992-09-03,30779.0000,677.0448,2018-10-03,83273.0000,27225484.0951,52494.0000,1.7055,27224807.0503,40211.2321,CDI_ajustado_pct
1992-09-04,31430.0000,684.9843,2018-10-04,82952.0000,27232187.0093,51522.0000,1.6393,27231502.0250,39754.9277,CDI_ajustado_pct
1992-09-08,33789.0000,692.9849,2018-10-08,86083.0000,27245597.7889,52294.0000,1.5477,27244904.8039,39315.2917,CDI_ajustado_pct
1992-09-09,34073.0000,701.1067,2018-10-09,86087.0000,27252305.6550,52014.0000,1.5265,27251604.5483,38869.4101,CDI_ajustado_pct
1992-09-10,34058.0000,709.3027,2018-10-10,83679.0000,27259015.1727,49621.0000,1.4570,27258305.8700,38429.7249,CDI_ajustado_pct
1992-09-11,34383.0000,717.5849,2018-10-11,82921.0000,27265726.3422,48538.0000,1.4117,27265008.7573,37995.5138,CDI_ajustado_pct
1992-09-15,35009.0000,734.3803,2018-10-15,83359.0000,27272439.1640,48350.0000,1.3811,27271704.7838,37135.6709,CDI_ajustado_pct
1992-09-16,35766.0000,742.9432,2018-10-16,85717.0000,27279153.6386,49951.0000,1.3966,27278410.6954,36716.6857,CDI_ajustado_pct
1992-09-17,36058.0000,751.6034,2018-10-17,85763.0000,27285869.7662,49705.0000,1.3785,27285118.1628,36302.5471,CDI_ajustado_pct
1992-09-18,36006.0000,760.3471,2018-10-18,83847.0000,27292587.5473,47841.0000,1.3287,27291827.2003,35893.9077,CDI_ajustado_pct
1992-09-21,37875.0000,769.1950,2018-10-19,84219.0000,27299306.9824,46344.0000,1.2236,27298537.7874,35489.7509,CDI_ajustado_pct
1992-09-22,37734.0000,778.1535,2018-10-22,85596.0000,27306028.0718,47862.0000,1.2684,27305249.9182,35089.7978,CDI_ajustado_pct
1992-09-23,37508.0000,787.2164,2018-10-23,85300.0000,27312750.8159,47792.0000,1.2742,27311963.5995,34694.3518,CDI_ajustado_pct
1992-09-24,42007.0000,796.3744,2018-10-24,83063.0000,27319475.2151,41056.0000,0.9774,27318678.8408,34303.8146,CDI_ajustado_pct
1992-09-25,43770.0000,805.6654,2018-10-25,84083.0000,27326201.2699,40313.0000,0.9210,27325395.6045,33916.5555,CDI_ajustado_pct
1992-09-28,42065.0000,815.1239,2018-10-26,85719.0000,27332928.9807,43654.0000,1.0378,27332113.8568,33531.2376,CDI_ajustado_pct
1992-09-29,45316.0000,824.7315,2018-10-29,83796.0000,27339658.3478,38480.0000,0.8491,27338833.6163,33148.7678,CDI_ajustado_pct
1992-09-30,44494.0000,834.5816,2018-10-30,86885.0000,27346389.3717,42391.0000,0.9527,27345554.7901,32765.5871,CDI_ajustado_pct
1992-10-01,46628.0000,844.5687,2018-10-31,87423.0000,27353122.0527,40795.0000,0.8749,27352277.4840,32386.0887,CDI_ajustado_pct
1992-10-02,42917.0000,854.6613,2018-11-01,88419.0000,27359856.3914,45502.0000,1.0602,27359001.7301,32011.5128,CDI_ajustado_pct
1992-10-06,39599.0000,875.2617,2018-11-05,89598.0000,27366592.3880,49999.0000,1.2626,27365717.1264,31265.7554,CDI_ajustado_pct
1992-10-07,38291.0000,885.7356,2018-11-06,88668.0000,27373330.0431,50377.0000,1.3156,27372444.3074,30903.6278,CDI_ajustado_pct
1992-10-08,38758.0000,896.2434,2018-11-07,87714.0000,27380069.3569,48956.0000,1.2631,27379173.1135,30548.8140,CDI_ajustado_pct
1992-10-09,39757.0000,906.8161,2018-11-08,85620.0000,27386810.3300,45863.0000,1.1536,27385903.5139,30200.0634,CDI_ajustado_pct
1992-10-13,38222.0000,917.5347,2018-11-12,85524.0000,27400297.2555,47302.0000,1.2376,27399379.7208,29861.9561,CDI_ajustado_pct
1992-10-14,38436.0000,928.3983,2018-11-13,84914.0000,27407043.2086,46478.0000,1.2092,27406114.8104,29519.7823,CDI_ajustado_pct
1992-10-15,36881.0000,939.3874,2018-11-14,85973.0000,27413790.8227,49092.0000,1.3311,27412851.4353,29181.6252,CDI_ajustado_pct
1992-10-19,39642.0000,961.7163,2018-11-16,88515.0000,27420540.0980,48873.0000,1.2329,27419578.3817,28511.0892,CDI_ajustado_pct
1992-10-20,38378.0000,973.0357,2018-11-19,87900.0000,27427291.0350,49522.0000,1.2904,27426317.9993,28186.3438,CDI_ajustado_pct
1992-10-22,39194.0000,996.0790,2018-11-21,87268.0000,27440797.8955,48074.0000,1.2266,27439801.8165,27547.8166,CDI_ajustado_pct
1992-10-23,42261.0000,1007.8062,2018-11-22,87477.0000,27447553.8200,45216.0000,1.0699,27446546.0138,27233.9530,CDI_ajustado_pct
1992-10-26,44536.0000,1019.6882,2018-11-23,86230.0000,27454311.4077,41694.0000,0.9362,27453291.7195,26923.2217,CDI_ajustado_pct
1992-10-27,43260.0000,1031.7953,2018-11-26,85546.0000,27461070.6592,42286.0000,0.9775,27460038.8639,26613.8436,CDI_ajustado_pct
1992-10-28,43453.0000,1044.1768,2018-11-27,87891.0000,27467831.5748,44438.0000,1.0227,27466787.3980,26304.7275,CDI_ajustado_pct
1992-10-29,45072.0000,1056.8392,2018-11-28,89250.0000,27474594.1549,44178.0000,0.9802,27473537.3157,25995.9475,CDI_ajustado_pct
1992-10-30,46173.0000,1069.8912,2018-11-29,89709.0000,27481358.4000,43536.0000,0.9429,27480288.5088,25685.1244,CDI_ajustado_pct
1992-11-03,44510.0000,1083.1151,2018-12-03,89820.0000,27494891.8867,45310.0000,1.0180,27493808.7716,25384.0150,CDI_ajustado_pct
1992-11-04,44627.0000,1096.5312,2018-12-04,88624.0000,27501661.1290,43997.0000,0.9859,27500564.5978,25079.5997,CDI_ajustado_pct
1992-11-05,43133.0000,1110.1100,2018-12-05,89039.0000,27508432.0380,45906.0000,1.0643,27507321.9281,24778.9166,CDI_ajustado_pct
1992-11-06,43043.0000,1123.8605,2018-12-06,88846.0000,27515204.6140,45803.0000,1.0641,27514080.7535,24481.7576,CDI_ajustado_pct
1992-11-09,40197.0000,1137.7851,2018-12-07,88115.0000,27521978.8574,47918.0000,1.1921,27520841.0722,24188.0825,CDI_ajustado_pct
1992-11-10,40962.0000,1151.8520,2018-12-10,85914.0000,27528754.7686,44952.0000,1.0974,27527602.9166,23898.5597,CDI_ajustado_pct
1992-11-11,41326.0000,1166.0543,2018-12-11,86419.0000,27535532.3480,45093.0000,1.0912,27534366.2937,23613.2797,CDI_ajustado_pct
1992-11-12,41412.0000,1180.4628,2018-12-12,86977.0000,27542311.5960,45565.0000,1.1003,27541131.1332,23330.7903,CDI_ajustado_pct
1992-11-13,38955.0000,1194.8645,2018-12-13,87837.0000,27549092.5132,48882.0000,1.2548,27547897.6487,23055.2484,CDI_ajustado_pct
1992-11-16,38184.0000,1209.2746,2018-12-14,87449.0000,27555875.0997,49265.0000,1.2902,27554665.8252,22786.1123,CDI_ajustado_pct
1992-11-17,40752.0000,1223.6690,2018-12-17,86399.0000,27562659.3562,45647.0000,1.1201,27561435.6872,22523.6046,CDI_ajustado_pct
1992-11-18,40169.0000,1238.0348,2018-12-18,86610.0000,27569445.2829,46441.0000,1.1561,27568207.2481,22267.7155,CDI_ajustado_pct
1992-11-19,38678.0000,1252.4002,2018-12-19,85673.0000,27576232.8803,46995.0000,1.2150,27574980.4802,22017.7077,CDI_ajustado_pct
1992-11-20,40612.0000,1266.5982,2018-12-20,85269.0000,27583022.1489,44657.0000,1.0996,27581755.5507,21776.2472,CDI_ajustado_pct
1992-11-23,40283.0000,1280.5688,2018-12-21,85697.0000,27589813.0889,45414.0000,1.1274,27588532.5202,21543.9678,CDI_ajustado_pct
1992-11-26,45227.0000,1321.4145,2018-12-26,85136.0000,27603399.9852,39909.0000,0.8824,27602078.5707,20888.2820,CDI_ajustado_pct
1992-11-27,45083.0000,1335.2937,2018-12-27,85460.0000,27610195.9423,40377.0000,0.8956,27608860.6486,20676.2450,CDI_ajustado_pct
1992-11-30,45743.0000,1349.0606,2018-12-28,87887.0000,27616993.5726,42144.0000,0.9213,27615644.5119,20470.2769,CDI_ajustado_pct
1992-12-03,44610.0000,1391.1361,2019-01-02,91012.0000,27630593.8542,46402.0000,1.0402,27629202.7181,19860.8908,CDI_ajustado_pct
1992-12-04,45787.0000,1405.3582,2019-01-03,91564.0000,27637396.5064,45777.0000,0.9998,27635991.1482,19664.7315,CDI_ajustado_pct
1992-12-07,47718.0000,1419.6788,2019-01-04,91840.0000,27644200.8334,44122.0000,0.9246,27642781.1546,19471.1520,CDI_ajustado_pct
1992-12-08,46624.0000,1434.1832,2019-01-07,91699.0000,27651006.8357,45075.0000,0.9668,27649572.6525,19278.9690,CDI_ajustado_pct
1992-12-09,46746.0000,1448.8549,2019-01-08,92031.0000,27657814.5135,45285.0000,0.9687,27656365.6587,19088.4308,CDI_ajustado_pct
1992-12-10,48014.0000,1463.6815,2019-01-09,93613.0000,27664623.8675,45599.0000,0.9497,27663160.1860,18899.7134,CDI_ajustado_pct
1992-12-11,49379.0000,1478.6744,2019-01-10,93805.0000,27671434.8979,44426.0000,0.8997,27669956.2234,18712.6764,CDI_ajustado_pct
1992-12-14,52169.0000,1493.8358,2019-01-11,93658.0000,27678247.6051,41489.0000,0.7953,27676753.7694,18527.3068,CDI_ajustado_pct
1992-12-15,49907.0000,1509.1576,2019-01-14,94474.0000,27685061.9897,44567.0000,0.8930,27683552.8321,18343.7128,CDI_ajustado_pct
1992-12-16,50092.0000,1524.6969,2019-01-15,94055.0000,27691878.0520,43963.0000,0.8776,27690353.3551,18161.2189,CDI_ajustado_pct
1992-12-17,50862.0000,1540.4775,2019-01-16,94393.0000,27698695.7923,43531.0000,0.8559,27697155.3149,17979.5914,CDI_ajustado_pct
1992-12-18,51378.0000,1556.6628,2019-01-17,95351.0000,27705515.2112,43973.0000,0.8559,27703958.5485,17797.0203,CDI_ajustado_pct
1992-12-21,51708.0000,1573.4747,2019-01-18,96096.0000,27712336.3091,44388.0000,0.8584,27710762.8344,17611.1905,CDI_ajustado_pct
1992-12-22,52535.0000,1607.6716,2019-01-21,96009.0000,27719159.0863,43474.0000,0.8275,27717551.4147,17240.8048,CDI_ajustado_pct
1992-12-23,59556.0000,1625.1791,2019-01-22,95103.0000,27725983.5432,35547.0000,0.5969,27724358.3641,17059.2634,CDI_ajustado_pct
1992-12-29,66348.0000,1661.7815,2019-01-28,95443.0000,27753298.1771,29095.0000,0.4385,27751636.3956,16699.9314,CDI_ajustado_pct
1992-12-30,67805.0000,1700.6007,2019-01-29,95639.0000,27760131.0391,27834.0000,0.4105,27758430.4384,16322.7210,CDI_ajustado_pct
1993-01-04,71472.0000,1720.9625,2019-02-01,97861.0000,27780639.7203,26389.0000,0.3692,27778918.7577,16141.5012,CDI_ajustado_pct
